junction_id,latitude,longitude,governorate,ways_count,tier,junction_idx,junction_type,road_name
J_0001,30.0453573,31.244022,Cairo,5,1,0,real,
J_0002,30.022537,31.2303866,Cairo,5,1,1,real,
J_0003,30.0493725,31.2466599,Cairo,4,1,2,real,
J_0004,30.0903701,31.319976,Cairo,4,1,3,real,
J_0005,30.0449001,31.2464579,Cairo,4,1,4,real,
J_0006,30.073322,31.2846745,Cairo,4,1,5,real,
J_0007,30.1086663,31.2808859,Cairo,4,1,6,real,
J_0008,30.0979997,31.2453324,Cairo,4,1,7,real,
J_0009,30.0905051,31.3198678,Cairo,4,1,8,real,
J_0010,30.0512369,31.2424019,Cairo,4,1,9,real,
J_0011,30.0247079,31.2305818,Cairo,4,1,10,real,
J_0012,30.0288496,31.2335688,Cairo,4,1,11,real,
J_0013,30.0571737,31.2377069,Cairo,4,1,12,real,
J_0014,30.0181177,31.2513671,Cairo,4,1,13,real,
J_0015,30.1010114,31.2802257,Cairo,4,1,14,real,
J_0016,30.0876712,31.2901849,Cairo,4,1,15,real,
J_0017,30.0347804,31.2375231,Cairo,4,1,16,real,
J_0018,30.0506866,31.3118687,Cairo,4,1,17,real,
J_0019,29.8506216,31.2514037,Cairo,4,1,18,real,
J_0020,30.1772638,31.4158091,Cairo,4,1,19,real,
J_0021,29.8509045,31.2411471,Cairo,4,1,20,real,
J_0022,30.2326671,31.2765928,Cairo,4,1,21,real,
J_0023,30.0181514,31.4482181,Cairo,4,1,22,real,
J_0024,29.9748751,31.4377201,Cairo,4,1,23,real,
J_0025,30.0935789,31.283556,Cairo,4,1,24,real,
J_0026,30.1113377,31.3886869,Cairo,4,1,25,real,
J_0027,30.0368138,31.3550204,Cairo,4,1,26,real,
J_0028,30.095606,31.6346413,Cairo,4,1,27,real,
J_0029,30.0506877,31.312045,Cairo,4,1,28,real,
J_0030,30.0736751,31.2847849,Cairo,4,1,29,real,
J_0031,30.0505325,31.3120403,Cairo,4,1,30,real,
J_0032,30.0666229,31.4561735,Cairo,4,1,31,real,
J_0033,30.1244697,31.3998304,Cairo,4,1,32,real,
J_0034,30.0737741,31.2851554,Cairo,4,1,33,real,
J_0035,30.063559,31.4328837,Cairo,4,1,34,real,
J_0036,30.0020474,31.4158846,Cairo,4,1,35,real,
J_0037,30.0505346,31.3118556,Cairo,4,1,36,real,
J_0038,30.0903004,31.3198574,Cairo,4,1,37,real,
J_0039,30.0640828,31.2728924,Cairo,4,1,38,real,
J_0040,30.0753067,31.2730472,Cairo,4,1,39,real,
J_0041,30.1342984,31.3746881,Cairo,4,1,40,real,
J_0042,30.2030936,31.3550324,Cairo,4,1,41,real,
J_0043,30.0904351,31.3197504,Cairo,4,1,42,real,
J_0044,30.051121,31.246749,Cairo,4,1,43,real,
J_0045,30.0931009,31.3379299,Cairo,3,1,44,real,
J_0046,30.0852945,31.3242304,Cairo,3,1,45,real,
J_0047,30.12414,31.3980161,Cairo,3,1,46,real,
J_0048,30.1053937,31.3435566,Cairo,3,1,47,real,
J_0049,30.0993995,31.3428578,Cairo,3,1,48,real,
J_0050,30.0947944,31.3257428,Cairo,3,1,49,real,
J_0051,30.0853014,31.3244893,Cairo,3,1,50,real,
J_0052,30.0929804,31.3383412,Cairo,3,1,51,real,
J_0053,30.1054073,31.3440652,Cairo,3,1,52,real,
J_0054,30.1186612,31.3557008,Cairo,3,1,53,real,
J_0055,30.0180338,31.2517122,Cairo,3,1,54,real,
J_0056,30.1006689,31.3435346,Cairo,3,1,55,real,
J_0057,30.0931816,31.3152888,Cairo,3,1,56,real,
J_0058,30.0475614,31.2384661,Cairo,3,1,57,real,
J_0059,30.047595,31.2384287,Cairo,3,1,58,real,
J_0060,30.0461817,31.2349957,Cairo,3,1,59,real,
J_0061,30.0501479,31.2312394,Cairo,3,1,60,real,
J_0062,30.05244,31.2466166,Cairo,3,1,61,real,
J_0063,30.0525462,31.2443083,Cairo,3,1,62,real,
J_0064,30.0535014,31.2388378,Cairo,3,1,63,real,
J_0065,30.0745426,31.2830974,Cairo,3,1,64,real,
J_0066,30.1005145,31.3436553,Cairo,3,1,65,real,
J_0067,30.1030443,31.3481154,Cairo,3,1,66,real,
J_0068,30.103124,31.3478406,Cairo,3,1,67,real,
J_0069,29.9596544,31.268841,Cairo,3,1,68,real,
J_0070,30.0932865,31.315078,Cairo,3,1,69,real,
J_0071,30.0848985,31.323511,Cairo,3,1,70,real,
J_0072,30.0310012,31.2570562,Cairo,3,1,71,real,
J_0073,30.0299467,31.2487096,Cairo,3,1,72,real,
J_0074,30.0328229,31.2459589,Cairo,3,1,73,real,
J_0075,30.0923338,31.3267861,Cairo,3,1,74,real,
J_0076,30.0920244,31.3291321,Cairo,3,1,75,real,
J_0077,30.0446904,31.3401034,Cairo,3,1,76,real,
J_0078,30.0956662,31.3106866,Cairo,3,1,77,real,
J_0079,30.0931594,31.3150137,Cairo,3,1,78,real,
J_0080,30.0989925,31.30744,Cairo,3,1,79,real,
J_0081,30.1017775,31.3058024,Cairo,3,1,80,real,
J_0082,30.1237898,31.2431483,Cairo,3,1,81,real,
J_0083,30.1031824,31.2559306,Cairo,3,1,82,real,
J_0084,30.0804706,31.3593781,Cairo,3,1,83,real,
J_0085,30.0853141,31.3475935,Cairo,3,1,84,real,
J_0086,30.0920021,31.3441353,Cairo,3,1,85,real,
J_0087,30.0909202,31.3484304,Cairo,3,1,86,real,
J_0088,30.0397865,31.2503149,Cairo,3,1,87,real,
J_0089,30.0819588,31.3401323,Cairo,3,1,88,real,
J_0090,30.0503107,31.246977,Cairo,3,1,89,real,
J_0091,30.045207,31.2420756,Cairo,3,1,90,real,
J_0092,30.043059,31.239909,Cairo,3,1,91,real,
J_0093,30.0382329,31.2437338,Cairo,3,1,92,real,
J_0094,30.0422509,31.2438726,Cairo,3,1,93,real,
J_0095,30.0366219,31.248082,Cairo,3,1,94,real,
J_0096,30.0340881,31.2420139,Cairo,3,1,95,real,
J_0097,30.0371799,31.3331647,Cairo,3,1,96,real,
J_0098,30.0696082,31.3245893,Cairo,3,1,97,real,
J_0099,30.05304,31.2775227,Cairo,3,1,98,real,
J_0100,30.0625751,31.2735911,Cairo,3,1,99,real,
J_0101,30.0702458,31.2898995,Cairo,3,1,100,real,
J_0102,30.0702552,31.2896682,Cairo,3,1,101,real,
J_0103,30.0644119,31.2627136,Cairo,3,1,102,real,
J_0104,30.101631,31.331734,Cairo,3,1,103,real,
J_0105,30.0339102,31.2559436,Cairo,3,1,104,real,
J_0106,30.0314014,31.2579442,Cairo,3,1,105,real,
J_0107,30.1037459,31.245818,Cairo,3,1,106,real,
J_0108,30.0653654,31.2450051,Cairo,3,1,107,real,
J_0109,30.0448941,31.3399961,Cairo,3,1,108,real,
J_0110,30.0439552,31.3309993,Cairo,3,1,109,real,
J_0111,30.0575321,31.3721771,Cairo,3,1,110,real,
J_0112,30.047912,31.3694742,Cairo,3,1,111,real,
J_0113,30.0485509,31.3752052,Cairo,3,1,112,real,
J_0114,30.0379809,31.3405207,Cairo,3,1,113,real,
J_0115,30.0695032,31.3189252,Cairo,3,1,114,real,
J_0116,30.0669562,31.305108,Cairo,3,1,115,real,
J_0117,29.9618375,31.3293305,Cairo,3,1,116,real,
J_0118,29.9723613,31.2705491,Cairo,3,1,117,real,
J_0119,30.05434,31.3463135,Cairo,3,1,118,real,
J_0120,30.0837449,31.3516717,Cairo,3,1,119,real,
J_0121,30.062417,31.3404744,Cairo,3,1,120,real,
J_0122,30.0550076,31.3486599,Cairo,3,1,121,real,
J_0123,30.0453527,31.4001554,Cairo,3,1,122,real,
J_0124,30.0522474,31.3272459,Cairo,3,1,123,real,
J_0125,30.0748786,31.3357492,Cairo,3,1,124,real,
J_0126,30.2252104,31.4572623,Cairo,3,1,125,real,
J_0127,29.9645841,31.2693009,Cairo,3,1,126,real,
J_0128,29.9754791,31.2817851,Cairo,3,1,127,real,
J_0129,30.0791686,31.339792,Cairo,3,1,128,real,
J_0130,30.0534725,31.3386092,Cairo,3,1,129,real,
J_0131,30.0899996,31.3485863,Cairo,3,1,130,real,
J_0132,30.0522447,31.3270871,Cairo,3,1,131,real,
J_0133,30.0436441,31.236164,Cairo,3,1,132,real,
J_0134,30.0603476,31.2471361,Cairo,3,1,133,real,
J_0135,30.0712386,31.2871775,Cairo,3,1,134,real,
J_0136,30.0337584,31.2389674,Cairo,3,1,135,real,
J_0137,30.0206477,31.2456018,Cairo,3,1,136,real,
J_0138,30.022426,31.2440227,Cairo,3,1,137,real,
J_0139,30.0438925,31.2701938,Cairo,3,1,138,real,
J_0140,30.0500534,31.2801792,Cairo,3,1,139,real,
J_0141,30.0164252,31.2610369,Cairo,3,1,140,real,
J_0142,30.1079153,31.3223554,Cairo,3,1,141,real,
J_0143,30.1063608,31.3238109,Cairo,3,1,142,real,
J_0144,30.0941879,31.2560264,Cairo,3,1,143,real,
J_0145,30.065022,31.2450121,Cairo,3,1,144,real,
J_0146,30.0648982,31.2477977,Cairo,3,1,145,real,
J_0147,30.0291581,31.2324253,Cairo,3,1,146,real,
J_0148,30.0571327,31.2985681,Cairo,3,1,147,real,
J_0149,30.0478178,31.254748,Cairo,3,1,148,real,
J_0150,30.0480121,31.254905,Cairo,3,1,149,real,
J_0151,30.050339,31.247104,Cairo,3,1,150,real,
J_0152,30.0720277,31.2475109,Cairo,3,1,151,real,
J_0153,30.0659266,31.2526032,Cairo,3,1,152,real,
J_0154,30.079705,31.2454565,Cairo,3,1,153,real,
J_0155,30.0798794,31.2448571,Cairo,3,1,154,real,
J_0156,30.083863,31.2407169,Cairo,3,1,155,real,
J_0157,30.0829271,31.2441714,Cairo,3,1,156,real,
J_0158,30.0927736,31.2358679,Cairo,3,1,157,real,
J_0159,30.0609079,31.2428423,Cairo,3,1,158,real,
J_0160,30.064563,31.2445998,Cairo,3,1,159,real,
J_0161,30.0624949,31.2610915,Cairo,3,1,160,real,
J_0162,30.1318331,31.3380403,Cairo,3,1,161,real,
J_0163,30.1343476,31.3494733,Cairo,3,1,162,real,
J_0164,30.1292239,31.3464021,Cairo,3,1,163,real,
J_0165,30.1018285,31.3069001,Cairo,3,1,164,real,
J_0166,30.1123043,31.3114828,Cairo,3,1,165,real,
J_0167,30.1020341,31.305914,Cairo,3,1,166,real,
J_0168,30.111187,31.3183169,Cairo,3,1,167,real,
J_0169,30.0618236,31.2477471,Cairo,3,1,168,real,
J_0170,30.0228687,31.2309051,Cairo,3,1,169,real,
J_0171,29.9605132,31.250332,Cairo,3,1,170,real,
J_0172,29.9566679,31.2529986,Cairo,3,1,171,real,
J_0173,29.9565071,31.2527899,Cairo,3,1,172,real,
J_0174,29.9941905,31.2354551,Cairo,3,1,173,real,
J_0175,30.057595,31.2414841,Cairo,3,1,174,real,
J_0176,30.049989,31.2316229,Cairo,3,1,175,real,
J_0177,30.0556206,31.3065478,Cairo,3,1,176,real,
J_0178,30.0469456,31.3075885,Cairo,3,1,177,real,
J_0179,30.0636311,31.2894957,Cairo,3,1,178,real,
J_0180,30.1072627,31.2434176,Cairo,3,1,179,real,
J_0181,30.106764,31.2478218,Cairo,3,1,180,real,
J_0182,30.1049493,31.2447726,Cairo,3,1,181,real,
J_0183,29.8529819,31.3348732,Cairo,3,1,182,real,
J_0184,29.8589027,31.3142337,Cairo,3,1,183,real,
J_0185,29.9578284,31.2306729,Cairo,3,1,184,real,
J_0186,30.0192277,31.264364,Cairo,3,1,185,real,
J_0187,30.0129605,31.2906315,Cairo,3,1,186,real,
J_0188,30.0172449,31.2826266,Cairo,3,1,187,real,
J_0189,30.0213934,31.2637777,Cairo,3,1,188,real,
J_0190,30.0903334,31.3275183,Cairo,3,1,189,real,
J_0191,30.1092979,31.3715042,Cairo,3,1,190,real,
J_0192,30.1174208,31.3972226,Cairo,3,1,191,real,
J_0193,30.105395,31.3020667,Cairo,3,1,192,real,
J_0194,30.0883329,31.3016769,Cairo,3,1,193,real,
J_0195,30.0827764,31.2977319,Cairo,3,1,194,real,
J_0196,30.0761807,31.300712,Cairo,3,1,195,real,
J_0197,30.1137925,31.3113199,Cairo,3,1,196,real,
J_0198,30.1142417,31.3100106,Cairo,3,1,197,real,
J_0199,30.0754702,31.3224225,Cairo,3,1,198,real,
J_0200,30.0639406,31.3134547,Cairo,3,1,199,real,
J_0201,30.0565285,31.324234,Cairo,3,1,200,real,
J_0202,30.0565583,31.3244089,Cairo,3,1,201,real,
J_0203,30.0309271,31.2548495,Cairo,3,1,202,real,
J_0204,30.0322442,31.2345846,Cairo,3,1,203,real,
J_0205,30.0287409,31.2347598,Cairo,3,1,204,real,
J_0206,30.0529444,31.3303166,Cairo,3,1,205,real,
J_0207,30.0586583,31.3107007,Cairo,3,1,206,real,
J_0208,30.0573884,31.2584572,Cairo,3,1,207,real,
J_0209,29.898954,31.2948522,Cairo,3,1,208,real,
J_0210,30.2341466,31.2663509,Cairo,3,1,209,real,
J_0211,30.159065,31.2814269,Cairo,3,1,210,real,
J_0212,30.1476635,31.4035713,Cairo,3,1,211,real,
J_0213,30.1508143,31.4043882,Cairo,3,1,212,real,
J_0214,30.1899312,31.4144156,Cairo,3,1,213,real,
J_0215,30.1303818,31.3717418,Cairo,3,1,214,real,
J_0216,30.1247397,31.3155401,Cairo,3,1,215,real,
J_0217,30.1325465,31.3170359,Cairo,3,1,216,real,
J_0218,30.1285788,31.3087204,Cairo,3,1,217,real,
J_0219,30.1259959,31.3166063,Cairo,3,1,218,real,
J_0220,30.1193202,31.3173753,Cairo,3,1,219,real,
J_0221,30.0497504,31.2311551,Cairo,3,1,220,real,
J_0222,30.0544557,31.2786737,Cairo,3,1,221,real,
J_0223,29.8501005,31.2305341,Cairo,3,1,222,real,
J_0224,30.1209701,31.2975471,Cairo,3,1,223,real,
J_0225,30.1175044,31.2918305,Cairo,3,1,224,real,
J_0226,30.1494332,31.4740818,Cairo,3,1,225,real,
J_0227,30.1006591,31.3760631,Cairo,3,1,226,real,
J_0228,29.9921703,31.2602443,Cairo,3,1,227,real,
J_0229,29.9923524,31.2662255,Cairo,3,1,228,real,
J_0230,30.0694903,31.3191798,Cairo,3,1,229,real,
J_0231,30.0996937,31.3058268,Cairo,3,1,230,real,
J_0232,30.0799785,31.2838412,Cairo,3,1,231,real,
J_0233,30.082261,31.2816741,Cairo,3,1,232,real,
J_0234,30.0837394,31.2844526,Cairo,3,1,233,real,
J_0235,30.0696767,31.2648294,Cairo,3,1,234,real,
J_0236,30.0804742,31.2801023,Cairo,3,1,235,real,
J_0237,29.9839809,31.2382282,Cairo,3,1,236,real,
J_0238,30.0695536,31.3486662,Cairo,3,1,237,real,
J_0239,30.0651745,31.3252168,Cairo,3,1,238,real,
J_0240,30.0583008,31.4905093,Cairo,3,1,239,real,
J_0241,30.0586839,31.4930345,Cairo,3,1,240,real,
J_0242,30.0582963,31.4931515,Cairo,3,1,241,real,
J_0243,30.0532996,31.4606846,Cairo,3,1,242,real,
J_0244,30.1065952,31.3238875,Cairo,3,1,243,real,
J_0245,30.1081696,31.3222717,Cairo,3,1,244,real,
J_0246,30.0440961,31.3666589,Cairo,3,1,245,real,
J_0247,30.0478927,31.3675123,Cairo,3,1,246,real,
J_0248,30.0428439,31.3622055,Cairo,3,1,247,real,
J_0249,30.0360421,31.3553627,Cairo,3,1,248,real,
J_0250,29.9595449,31.2873599,Cairo,3,1,249,real,
J_0251,30.086661,31.3409204,Cairo,3,1,250,real,
J_0252,30.0874491,31.3331017,Cairo,3,1,251,real,
J_0253,30.0922088,31.3441862,Cairo,3,1,252,real,
J_0254,29.9780431,31.286186,Cairo,3,1,253,real,
J_0255,29.9879167,31.3098087,Cairo,3,1,254,real,
J_0256,30.0165141,31.4452535,Cairo,3,1,255,real,
J_0257,29.9997697,31.4815996,Cairo,3,1,256,real,
J_0258,30.0400829,31.5252562,Cairo,3,1,257,real,
J_0259,30.0058024,31.4545413,Cairo,3,1,258,real,
J_0260,30.1305565,31.3716692,Cairo,3,1,259,real,
J_0261,30.058399,31.3023755,Cairo,3,1,260,real,
J_0262,30.0598842,31.2441883,Cairo,3,1,261,real,
J_0263,30.0652386,31.2444734,Cairo,3,1,262,real,
J_0264,30.0547539,31.4777792,Cairo,3,1,263,real,
J_0265,30.0709496,31.4523674,Cairo,3,1,264,real,
J_0266,30.0708492,31.4523311,Cairo,3,1,265,real,
J_0267,30.0678042,31.4511081,Cairo,3,1,266,real,
J_0268,30.0677209,31.4510306,Cairo,3,1,267,real,
J_0269,30.0376184,31.495522,Cairo,3,1,268,real,
J_0270,30.0439512,31.5240556,Cairo,3,1,269,real,
J_0271,30.0307543,31.2524133,Cairo,3,1,270,real,
J_0272,29.8754598,31.3168295,Cairo,3,1,271,real,
J_0273,30.1700043,31.4475205,Cairo,3,1,272,real,
J_0274,30.1692933,31.4592235,Cairo,3,1,273,real,
J_0275,30.1421197,31.4565511,Cairo,3,1,274,real,
J_0276,30.1380021,31.3414075,Cairo,3,1,275,real,
J_0277,29.8534651,31.3321656,Cairo,3,1,276,real,
J_0278,29.8708535,31.3188055,Cairo,3,1,277,real,
J_0279,29.8642428,31.3219289,Cairo,3,1,278,real,
J_0280,30.1242375,31.4965872,Cairo,3,1,279,real,
J_0281,30.1641744,31.494752,Cairo,3,1,280,real,
J_0282,30.109182,31.545567,Cairo,3,1,281,real,
J_0283,30.1462366,31.5503759,Cairo,3,1,282,real,
J_0284,30.1363626,31.5733803,Cairo,3,1,283,real,
J_0285,30.1090619,31.5456124,Cairo,3,1,284,real,
J_0286,30.120002,31.4988381,Cairo,3,1,285,real,
J_0287,30.03998,31.5251082,Cairo,3,1,286,real,
J_0288,30.0963683,31.2619287,Cairo,3,1,287,real,
J_0289,30.0532643,31.5325352,Cairo,3,1,288,real,
J_0290,30.0843109,31.3274702,Cairo,3,1,289,real,
J_0291,30.1043961,31.254342,Cairo,3,1,290,real,
J_0292,30.0842283,31.2382735,Cairo,3,1,291,real,
J_0293,30.0848783,31.3237401,Cairo,3,1,292,real,
J_0294,30.0863342,31.322042,Cairo,3,1,293,real,
J_0295,30.086264,31.3219487,Cairo,3,1,294,real,
J_0296,30.0844053,31.3274098,Cairo,3,1,295,real,
J_0297,30.0588122,31.3031569,Cairo,3,1,296,real,
J_0298,30.1279121,31.2965907,Cairo,3,1,297,real,
J_0299,30.0819304,31.2991932,Cairo,3,1,298,real,
J_0300,30.0873243,31.3329746,Cairo,3,1,299,real,
J_0301,30.1388327,31.396959,Cairo,3,1,300,real,
J_0302,30.1081606,31.3265345,Cairo,3,1,301,real,
J_0303,30.1422239,31.2733363,Cairo,3,1,302,real,
J_0304,30.0455355,31.2670194,Cairo,3,1,303,real,
J_0305,30.0467884,31.2716047,Cairo,3,1,304,real,
J_0306,30.0480439,31.2732965,Cairo,3,1,305,real,
J_0307,30.0470966,31.2587186,Cairo,3,1,306,real,
J_0308,30.0511432,31.246985,Cairo,3,1,307,real,
J_0309,30.0422637,31.231505,Cairo,3,1,308,real,
J_0310,30.1142999,31.397538,Cairo,3,1,309,real,
J_0311,30.1677556,31.4592091,Cairo,3,1,310,real,
J_0312,30.0292007,31.2310135,Cairo,3,1,311,real,
J_0313,30.0392789,31.2388334,Cairo,3,1,312,real,
J_0314,30.0206991,31.2428418,Cairo,3,1,313,real,
J_0315,30.0347667,31.2675867,Cairo,3,1,314,real,
J_0316,30.0765063,31.3092572,Cairo,3,1,315,real,
J_0317,30.0780037,31.3196839,Cairo,3,1,316,real,
J_0318,30.1775678,31.5998431,Cairo,3,1,317,real,
J_0319,30.169078,31.6019087,Cairo,3,1,318,real,
J_0320,30.1775975,31.6000183,Cairo,3,1,319,real,
J_0321,29.8971956,31.2460565,Cairo,3,1,320,real,
J_0322,29.8825776,31.2726561,Cairo,3,1,321,real,
J_0323,29.8916423,31.2705378,Cairo,3,1,322,real,
J_0324,29.8735762,31.24702,Cairo,3,1,323,real,
J_0325,30.1062988,31.3104866,Cairo,3,1,324,real,
J_0326,29.9777647,31.2839958,Cairo,3,1,325,real,
J_0327,30.0344466,31.2390698,Cairo,3,1,326,real,
J_0328,29.9874111,31.2725171,Cairo,3,1,327,real,
J_0329,30.0511184,31.2465372,Cairo,3,1,328,real,
J_0330,30.025931,31.2622471,Cairo,3,1,329,real,
J_0331,30.1045959,31.2566187,Cairo,3,1,330,real,
J_0332,30.1078053,31.2574044,Cairo,3,1,331,real,
J_0333,30.1521394,31.328599,Cairo,3,1,332,real,
J_0334,30.1630171,31.3927868,Cairo,3,1,333,real,
J_0335,30.0029279,31.4656933,Cairo,3,1,334,real,
J_0336,30.0110159,31.4554239,Cairo,3,1,335,real,
J_0337,30.2333413,31.2660203,Cairo,3,1,336,real,
J_0338,30.1634794,31.6344425,Cairo,3,1,337,real,
J_0339,30.1771812,31.6403467,Cairo,3,1,338,real,
J_0340,30.1044755,31.3217378,Cairo,3,1,339,real,
J_0341,30.1122565,31.3158596,Cairo,3,1,340,real,
J_0342,30.1111064,31.3182591,Cairo,3,1,341,real,
J_0343,30.06079,31.5027521,Cairo,3,1,342,real,
J_0344,29.927525,31.5464163,Cairo,3,1,343,real,
J_0345,29.9269712,31.5462206,Cairo,3,1,344,real,
J_0346,29.9248271,31.5443812,Cairo,3,1,345,real,
J_0347,29.9256673,31.5452699,Cairo,3,1,346,real,
J_0348,30.0264011,31.442476,Cairo,3,1,347,real,
J_0349,30.1705173,31.4596899,Cairo,3,1,348,real,
J_0350,30.1702146,31.4752425,Cairo,3,1,349,real,
J_0701,30.0284624,31.2158045,Giza,4,2,350,real,
J_0702,30.0859926,31.2238672,Giza,4,2,351,real,
J_0703,30.0751128,31.2221535,Giza,4,2,352,real,
J_0704,29.9709627,31.1779976,Giza,4,2,353,real,
J_0705,30.0947336,31.204047,Giza,4,2,354,real,
J_0706,30.0303784,31.2124076,Giza,4,2,355,real,
J_0707,30.2255417,31.1580214,Giza,4,2,356,real,
J_0708,30.1857095,31.1412635,Giza,4,2,357,real,
J_0709,29.9797571,31.1762194,Giza,4,2,358,real,
J_0710,30.0826705,31.1932178,Giza,4,2,359,real,
J_0711,29.9580741,31.2128576,Giza,4,2,360,real,
J_0712,30.1775641,31.1173004,Giza,4,2,361,real,
J_0713,29.9699586,31.2083658,Giza,4,2,362,real,
J_0714,30.0605584,31.2084788,Giza,3,2,363,real,
J_0715,30.069361,31.1964811,Giza,3,2,364,real,
J_0716,30.0496546,31.2265623,Giza,3,2,365,real,
J_0717,30.2236907,31.2181556,Giza,3,2,366,real,
J_0718,30.0750713,31.2223698,Giza,3,2,367,real,
J_0719,30.0258765,31.2164681,Giza,3,2,368,real,
J_0720,29.9889805,31.1284802,Giza,3,2,369,real,
J_0721,30.0280993,31.2039144,Giza,3,2,370,real,
J_0722,30.0860829,31.2217956,Giza,3,2,371,real,
J_0723,30.0770581,31.221011,Giza,3,2,372,real,
J_0724,30.0771228,31.2209324,Giza,3,2,373,real,
J_0725,30.0751731,31.2222634,Giza,3,2,374,real,
J_0726,30.0909386,31.2194154,Giza,3,2,375,real,
J_0727,29.9779967,31.191532,Giza,3,2,376,real,
J_0728,29.9814233,31.1902657,Giza,3,2,377,real,
J_0729,30.0307019,31.2296573,Giza,3,2,378,real,
J_0730,30.0182312,31.2281077,Giza,3,2,379,real,
J_0731,30.0243223,31.229478,Giza,3,2,380,real,
J_0732,30.1819881,31.1714356,Giza,3,2,381,real,
J_0733,30.030285,31.2125853,Giza,3,2,382,real,
J_0734,30.0304196,31.2125539,Giza,3,2,383,real,
J_0735,30.0361178,31.2116701,Giza,3,2,384,real,
J_0736,30.0133685,31.2224505,Giza,3,2,385,real,
J_0737,30.0469051,31.2115593,Giza,3,2,386,real,
J_0738,30.0280256,31.2040116,Giza,3,2,387,real,
J_0739,29.9307684,31.0419164,Giza,3,2,388,real,
J_0740,29.9815171,31.2109801,Giza,3,2,389,real,
J_0741,29.9398708,31.1953555,Giza,3,2,390,real,
J_0742,29.9815934,31.2122166,Giza,3,2,391,real,
J_0743,30.0506941,31.1697632,Giza,3,2,392,real,
J_0744,30.2282756,31.1497787,Giza,3,2,393,real,
J_0745,30.2418635,31.1562656,Giza,3,2,394,real,
J_0746,30.1997017,31.1350932,Giza,3,2,395,real,
J_0747,30.2091216,31.1450456,Giza,3,2,396,real,
J_0748,30.1946605,31.1263174,Giza,3,2,397,real,
J_0749,30.0258789,31.2165551,Giza,3,2,398,real,
J_0750,29.9756439,31.2165217,Giza,3,2,399,real,
J_0751,30.0001035,31.2142811,Giza,3,2,400,real,
J_0752,30.0191586,31.2038565,Giza,3,2,401,real,
J_0753,30.0144297,31.2097604,Giza,3,2,402,real,
J_0754,29.999158,31.1673565,Giza,3,2,403,real,
J_0755,30.0400029,31.1718128,Giza,3,2,404,real,
J_0756,30.0192714,31.1679566,Giza,3,2,405,real,
J_0757,30.015053,31.2041571,Giza,3,2,406,real,
J_0758,30.0826149,31.1932503,Giza,3,2,407,real,
J_0759,30.0738551,31.1600437,Giza,3,2,408,real,
J_0760,30.0223894,31.1676605,Giza,3,2,409,real,
J_0761,30.087251,31.2201014,Giza,3,2,410,real,
J_0762,30.087495,31.2246808,Giza,3,2,411,real,
J_0763,29.8640764,31.2281053,Giza,3,2,412,real,
J_0764,30.1796813,31.0993671,Giza,3,2,413,real,
J_0765,30.1778028,31.0856724,Giza,3,2,414,real,
J_0766,30.030951,31.167419,Giza,3,2,415,real,
J_0767,30.029485,31.1770647,Giza,3,2,416,real,
J_0768,30.0302602,31.2163668,Giza,3,2,417,real,
J_0769,30.0166773,31.2038698,Giza,3,2,418,real,
J_0770,30.0302449,31.2124334,Giza,3,2,419,real,
J_0771,30.0186785,31.2039295,Giza,3,2,420,real,
J_0772,30.0136611,31.2089395,Giza,3,2,421,real,
J_0773,30.0521917,31.218614,Giza,3,2,422,real,
J_0774,29.9390972,31.1946974,Giza,3,2,423,real,
J_0775,29.9369591,31.1931567,Giza,3,2,424,real,
J_0776,29.9336621,31.1874098,Giza,3,2,425,real,
J_0777,29.9737807,31.0036854,Giza,3,2,426,real,
J_0778,30.050657,31.0469295,Giza,3,2,427,real,
J_0779,30.0349987,31.1892203,Giza,3,2,428,real,
J_0780,30.0303272,31.1867758,Giza,3,2,429,real,
J_0781,30.0585648,31.2009488,Giza,3,2,430,real,
J_0782,30.0526566,31.1953046,Giza,3,2,431,real,
J_0783,29.9839926,31.1455219,Giza,3,2,432,real,
J_0784,29.9838869,31.1457524,Giza,3,2,433,real,
J_0785,29.8956606,31.2276093,Giza,3,2,434,real,
J_0786,30.0577192,31.2255906,Giza,3,2,435,real,
J_0787,30.0623947,31.2144015,Giza,3,2,436,real,
J_0788,30.0188659,31.2227519,Giza,3,2,437,real,
J_0789,30.0396079,31.220251,Giza,3,2,438,real,
J_0790,30.0358649,31.2116266,Giza,3,2,439,real,
J_0791,30.0231401,31.0765645,Giza,3,2,440,real,
J_0792,29.9879102,31.1489467,Giza,3,2,441,real,
J_0793,29.9880008,31.1490202,Giza,3,2,442,real,
J_0794,30.0097103,31.2249959,Giza,3,2,443,real,
J_0795,30.0134576,31.2270608,Giza,3,2,444,real,
J_0796,30.0279038,31.2242746,Giza,3,2,445,real,
J_0797,30.0336739,31.2269403,Giza,3,2,446,real,
J_0798,30.0608705,31.2037653,Giza,3,2,447,real,
J_0799,30.2187645,31.1895038,Giza,3,2,448,real,
J_0800,30.013142,31.1637483,Giza,3,2,449,real,
J_0801,29.9582984,31.0577609,Giza,3,2,450,real,
J_0802,29.9581371,31.058269,Giza,3,2,451,real,
J_0803,30.1060053,31.2031218,Giza,3,2,452,real,
J_0804,30.1062686,31.2013033,Giza,3,2,453,real,
J_0805,29.9809861,31.109522,Giza,3,2,454,real,
J_0806,29.9781853,31.1116095,Giza,3,2,455,real,
J_0807,29.9759833,31.0917673,Giza,3,2,456,real,
J_0808,29.9783658,31.0993711,Giza,3,2,457,real,
J_0809,30.0295191,31.1771897,Giza,3,2,458,real,
J_0810,29.9852468,31.1352583,Giza,3,2,459,real,
V_Ring_Road_001,30.16695,31.33702,N/A,2,1,460,virtual,Ring Road
V_Ring_Road_002,30.164866,31.353092,N/A,2,1,461,virtual,Ring Road
V_Ring_Road_003,30.166658,31.373748,N/A,2,1,462,virtual,Ring Road
V_Ring_Road_004,30.162904,31.39399,N/A,2,1,463,virtual,Ring Road
V_Ring_Road_005,30.153298,31.411282,N/A,2,1,464,virtual,Ring Road
V_Ring_Road_006,30.146986,31.434283,N/A,2,1,465,virtual,Ring Road
V_Ring_Road_007,30.134166,31.446086,N/A,2,1,466,virtual,Ring Road
V_Ring_Road_008,30.133084,31.463456,N/A,2,1,467,virtual,Ring Road
V_Ring_Road_009,30.148873,31.467368,N/A,2,1,468,virtual,Ring Road
V_Ring_Road_010,30.138747,31.478559,N/A,2,1,469,virtual,Ring Road
V_Ring_Road_011,30.121109,31.479534,N/A,2,1,470,virtual,Ring Road
V_Ring_Road_012,30.103961,31.48424,N/A,2,1,471,virtual,Ring Road
V_Ring_Road_013,30.12189,31.485338,N/A,2,1,472,virtual,Ring Road
V_Ring_Road_014,30.124327,31.464906,N/A,2,1,473,virtual,Ring Road
V_Ring_Road_015,30.102942,31.44887,N/A,2,1,474,virtual,Ring Road
V_Ring_Road_016,30.087745,31.437771,N/A,2,1,475,virtual,Ring Road
V_Ring_Road_017,30.071786,31.429036,N/A,2,1,476,virtual,Ring Road
V_Ring_Road_018,30.050994,31.44208,N/A,2,1,477,virtual,Ring Road
V_Ring_Road_019,30.033382,31.439295,N/A,2,1,478,virtual,Ring Road
V_Ring_Road_020,30.021673,31.425567,N/A,2,1,479,virtual,Ring Road
V_Ring_Road_021,30.01641,31.409703,N/A,2,1,480,virtual,Ring Road
V_Ring_Road_022,29.996329,31.389295,N/A,2,1,481,virtual,Ring Road
V_Ring_Road_023,29.99092,31.370333,N/A,2,1,482,virtual,Ring Road
V_Ring_Road_024,29.989607,31.34056,N/A,2,1,483,virtual,Ring Road
V_Ring_Road_025,29.970069,31.323832,N/A,2,1,484,virtual,Ring Road
V_Ring_Road_026,29.985121,31.316591,N/A,2,1,485,virtual,Ring Road
V_Ring_Road_027,29.99041,31.296837,N/A,2,1,486,virtual,Ring Road
V_Ring_Road_028,29.990898,31.276882,N/A,2,1,487,virtual,Ring Road
V_Ring_Road_029,29.99069,31.256274,N/A,2,1,488,virtual,Ring Road
V_Ring_Road_030,29.991964,31.235885,N/A,2,1,489,virtual,Ring Road
V_Ring_Road_031,29.986675,31.216061,N/A,2,1,490,virtual,Ring Road
V_Ring_Road_032,29.986122,31.195979,N/A,2,1,491,virtual,Ring Road
V_Ring_Road_033,29.971485,31.178659,N/A,2,1,492,virtual,Ring Road
V_Ring_Road_034,29.986594,31.171996,N/A,2,1,493,virtual,Ring Road
V_Ring_Road_035,30.003214,31.165238,N/A,2,1,494,virtual,Ring Road
V_Ring_Road_036,30.018926,31.166571,N/A,2,1,495,virtual,Ring Road
V_Ring_Road_037,30.035511,31.167055,N/A,2,1,496,virtual,Ring Road
V_Ring_Road_038,30.050574,31.17759,N/A,2,1,497,virtual,Ring Road
V_Ring_Road_039,30.067565,31.154672,N/A,2,1,498,virtual,Ring Road
V_Ring_Road_040,30.057376,31.142396,N/A,2,1,499,virtual,Ring Road
V_Ring_Road_041,30.061842,31.125455,N/A,2,1,500,virtual,Ring Road
V_Ring_Road_042,30.078353,31.129113,N/A,2,1,501,virtual,Ring Road
V_Ring_Road_043,30.074982,31.161706,N/A,2,1,502,virtual,Ring Road
V_Ring_Road_044,30.075969,31.177976,N/A,2,1,503,virtual,Ring Road
V_Ring_Road_045,30.08651,31.194493,N/A,2,1,504,virtual,Ring Road
V_Ring_Road_046,30.10307,31.202458,N/A,2,1,505,virtual,Ring Road
V_Ring_Road_047,30.120846,31.202045,N/A,2,1,506,virtual,Ring Road
V_Ring_Road_048,30.132305,31.172672,N/A,2,1,507,virtual,Ring Road
V_Ring_Road_049,30.14393,31.156972,N/A,2,1,508,virtual,Ring Road
V_Ring_Road_050,30.133673,31.170034,N/A,2,1,509,virtual,Ring Road
V_Ring_Road_051,30.1289,31.189845,N/A,2,1,510,virtual,Ring Road
V_Ring_Road_052,30.120343,31.204454,N/A,2,1,511,virtual,Ring Road
V_Ring_Road_053,30.136879,31.204742,N/A,2,1,512,virtual,Ring Road
V_Ring_Road_054,30.148676,31.219473,N/A,2,1,513,virtual,Ring Road
V_Ring_Road_055,30.149639,31.240227,N/A,2,1,514,virtual,Ring Road
V_Ring_Road_056,30.149499,31.261025,N/A,2,1,515,virtual,Ring Road
V_Ring_Road_057,30.156353,31.279978,N/A,2,1,516,virtual,Ring Road
V_Ring_Road_058,30.169829,31.278929,N/A,2,1,517,virtual,Ring Road
V_Ring_Road_059,30.168975,31.302362,N/A,2,1,518,virtual,Ring Road
V_Ring_Road_060,30.162866,31.330375,N/A,2,1,519,virtual,Ring Road
V_Autostrade_001,30.05791,31.27958,N/A,2,1,520,virtual,Autostrade
V_Autostrade_002,30.071712,31.296794,N/A,2,1,521,virtual,Autostrade
V_Autostrade_003,30.061521,31.30819,N/A,2,1,522,virtual,Autostrade
V_Autostrade_004,30.06756,31.327336,N/A,2,1,523,virtual,Autostrade
V_Autostrade_005,30.069646,31.347961,N/A,2,1,524,virtual,Autostrade
V_Autostrade_006,30.080162,31.360318,N/A,2,1,525,virtual,Autostrade
V_Autostrade_007,30.079224,31.380901,N/A,2,1,526,virtual,Autostrade
V_Autostrade_008,30.080689,31.401561,N/A,2,1,527,virtual,Autostrade
V_Autostrade_009,30.070575,31.428918,N/A,2,1,528,virtual,Autostrade
V_Autostrade_010,30.079374,31.445671,N/A,2,1,529,virtual,Autostrade
V_Autostrade_011,30.066487,31.435079,N/A,2,1,530,virtual,Autostrade
V_Autostrade_012,30.076741,31.446822,N/A,2,1,531,virtual,Autostrade
V_Autostrade_013,30.072929,31.431559,N/A,2,1,532,virtual,Autostrade
V_Autostrade_014,30.08059,31.447739,N/A,2,1,533,virtual,Autostrade
V_Autostrade_015,30.082693,31.468358,N/A,2,1,534,virtual,Autostrade
V_Autostrade_016,30.067211,31.474881,N/A,2,1,535,virtual,Autostrade
V_Autostrade_017,30.053656,31.468334,N/A,2,1,536,virtual,Autostrade
V_October_Bridge_001,30.05499,31.18996,N/A,2,1,537,virtual,October Bridge
V_October_Bridge_002,30.072355,31.184675,N/A,2,1,538,virtual,October Bridge
V_October_Bridge_003,30.064416,31.203533,N/A,2,1,539,virtual,October Bridge
V_October_Bridge_004,30.057365,31.229202,N/A,2,1,540,virtual,October Bridge
V_October_Bridge_005,30.054916,31.257815,N/A,2,1,541,virtual,October Bridge
V_October_Bridge_006,30.062466,31.273366,N/A,2,1,542,virtual,October Bridge
V_October_Bridge_007,30.057616,31.2978,N/A,2,1,543,virtual,October Bridge
V_Mohamed_Bin_Zayed_Axis_001,29.97983,30.89994,N/A,2,1,544,virtual,Mohamed Bin Zayed Axis
V_Mohamed_Bin_Zayed_Axis_002,30.002423,30.912689,N/A,2,1,545,virtual,Mohamed Bin Zayed Axis
V_Mohamed_Bin_Zayed_Axis_003,30.013047,30.929447,N/A,2,1,546,virtual,Mohamed Bin Zayed Axis
V_Mohamed_Bin_Zayed_Axis_004,30.023678,30.946201,N/A,2,1,547,virtual,Mohamed Bin Zayed Axis
V_Mohamed_Bin_Zayed_Axis_005,30.030677,30.962761,N/A,2,1,548,virtual,Mohamed Bin Zayed Axis
V_Mohamed_Bin_Zayed_Axis_006,30.016237,30.975143,N/A,2,1,549,virtual,Mohamed Bin Zayed Axis
V_Mohamed_Bin_Zayed_Axis_007,30.013063,30.998833,N/A,2,1,550,virtual,Mohamed Bin Zayed Axis
V_Mohamed_Bin_Zayed_Axis_008,30.023894,31.015417,N/A,2,1,551,virtual,Mohamed Bin Zayed Axis
V_Mohamed_Bin_Zayed_Axis_009,30.0346,31.03207,N/A,2,1,552,virtual,Mohamed Bin Zayed Axis
V_Mohamed_Bin_Zayed_Axis_010,30.023588,31.044161,N/A,2,1,553,virtual,Mohamed Bin Zayed Axis
V_Mohamed_Bin_Zayed_Axis_011,30.010386,31.040051,N/A,2,1,554,virtual,Mohamed Bin Zayed Axis
V_Mohamed_Bin_Zayed_Axis_012,29.995884,31.05229,N/A,2,1,555,virtual,Mohamed Bin Zayed Axis
V_Mohamed_Bin_Zayed_Axis_013,30.008116,31.042334,N/A,2,1,556,virtual,Mohamed Bin Zayed Axis
V_Mohamed_Bin_Zayed_Axis_014,30.03555,31.036452,N/A,2,1,557,virtual,Mohamed Bin Zayed Axis
V_Mohamed_Bin_Zayed_Axis_015,30.046549,31.05185,N/A,2,1,558,virtual,Mohamed Bin Zayed Axis
V_Mohamed_Bin_Zayed_Axis_016,30.054338,31.07054,N/A,2,1,559,virtual,Mohamed Bin Zayed Axis
V_Mohamed_Bin_Zayed_Axis_017,30.061629,31.089532,N/A,2,1,560,virtual,Mohamed Bin Zayed Axis
V_Mohamed_Bin_Zayed_Axis_018,30.063707,31.110126,N/A,2,1,561,virtual,Mohamed Bin Zayed Axis
V_Mohamed_Bin_Zayed_Axis_019,30.065845,31.130736,N/A,2,1,562,virtual,Mohamed Bin Zayed Axis
V_Mohamed_Bin_Zayed_Axis_020,30.065984,31.151301,N/A,2,1,563,virtual,Mohamed Bin Zayed Axis
V_Mohamed_Bin_Zayed_Axis_021,30.070224,31.183997,N/A,2,1,564,virtual,Mohamed Bin Zayed Axis
V_Mohamed_Bin_Zayed_Axis_022,30.053364,31.190348,N/A,2,1,565,virtual,Mohamed Bin Zayed Axis
V_Mohamed_Bin_Zayed_Axis_023,30.036158,31.195926,N/A,2,1,566,virtual,Mohamed Bin Zayed Axis
V_Mohamed_Bin_Zayed_Axis_024,30.020898,31.200553,N/A,2,1,567,virtual,Mohamed Bin Zayed Axis
V_Mohamed_Bin_Zayed_Axis_025,30.015852,31.217011,N/A,2,1,568,virtual,Mohamed Bin Zayed Axis
V_Mohamed_Bin_Zayed_Axis_026,30.013813,31.249885,N/A,2,1,569,virtual,Mohamed Bin Zayed Axis
V_Mohamed_Bin_Zayed_Axis_027,30.023309,31.262549,N/A,2,1,570,virtual,Mohamed Bin Zayed Axis
V_Mohamed_Bin_Zayed_Axis_028,30.03908,31.265489,N/A,2,1,571,virtual,Mohamed Bin Zayed Axis
V_Mohamed_Bin_Zayed_Axis_029,30.053317,31.278153,N/A,2,1,572,virtual,Mohamed Bin Zayed Axis
V_Mohamed_Bin_Zayed_Axis_030,30.045179,31.291069,N/A,2,1,573,virtual,Mohamed Bin Zayed Axis
V_Mohamed_Bin_Zayed_Axis_031,30.038217,31.310141,N/A,2,1,574,virtual,Mohamed Bin Zayed Axis
V_Mohamed_Bin_Zayed_Axis_032,30.042863,31.329234,N/A,2,1,575,virtual,Mohamed Bin Zayed Axis
V_Mohamed_Bin_Zayed_Axis_033,30.039358,31.352165,N/A,2,1,576,virtual,Mohamed Bin Zayed Axis
V_Mohamed_Bin_Zayed_Axis_034,30.049552,31.384863,N/A,2,1,577,virtual,Mohamed Bin Zayed Axis
V_Mohamed_Bin_Zayed_Axis_035,30.051675,31.405487,N/A,2,1,578,virtual,Mohamed Bin Zayed Axis
V_Mohamed_Bin_Zayed_Axis_036,30.052021,31.425405,N/A,2,1,579,virtual,Mohamed Bin Zayed Axis
V_Mohamed_Bin_Zayed_Axis_037,30.051955,31.445927,N/A,2,1,580,virtual,Mohamed Bin Zayed Axis
V_Mohamed_Bin_Zayed_Axis_038,30.053501,31.466618,N/A,2,1,581,virtual,Mohamed Bin Zayed Axis
V_July_26_Axis_001,30.05994,31.0501,N/A,2,1,582,virtual,July 26 Axis
V_July_26_Axis_002,30.054836,31.070761,N/A,2,1,583,virtual,July 26 Axis
V_July_26_Axis_003,30.063241,31.103683,N/A,2,1,584,virtual,July 26 Axis
V_July_26_Axis_004,30.064786,31.124388,N/A,2,1,585,virtual,July 26 Axis
V_July_26_Axis_005,30.066886,31.14492,N/A,2,1,586,virtual,July 26 Axis
V_July_26_Axis_006,30.071438,31.178105,N/A,2,1,587,virtual,July 26 Axis
V_July_26_Axis_007,30.068314,31.197838,N/A,2,1,588,virtual,July 26 Axis
V_July_26_Axis_008,30.061651,31.211737,N/A,2,1,589,virtual,July 26 Axis
V_July_26_Axis_009,30.05504,31.229202,N/A,2,1,590,virtual,July 26 Axis
V_July_26_Axis_010,30.070802,31.247098,N/A,2,1,591,virtual,July 26 Axis
V_July_26_Axis_011,30.073975,31.271411,N/A,2,1,592,virtual,July 26 Axis
V_July_26_Axis_012,30.072386,31.28861,N/A,2,1,593,virtual,July 26 Axis
V_July_26_Axis_013,30.082961,31.320384,N/A,2,1,594,virtual,July 26 Axis
V_July_26_Axis_014,30.084809,31.338261,N/A,2,1,595,virtual,July 26 Axis
V_July_26_Axis_015,30.075251,31.351547,N/A,2,1,596,virtual,July 26 Axis
V_May_15_Bridge_001,29.98498,31.24035,N/A,2,1,597,virtual,May 15 Bridge
V_May_15_Bridge_002,29.990252,31.269442,N/A,2,1,598,virtual,May 15 Bridge
V_May_15_Bridge_003,30.004868,31.2727,N/A,2,1,599,virtual,May 15 Bridge
V_May_15_Bridge_004,30.019229,31.27977,N/A,2,1,600,virtual,May 15 Bridge
V_May_15_Bridge_005,30.015106,31.311873,N/A,2,1,601,virtual,May 15 Bridge
V_May_15_Bridge_006,30.017956,31.329654,N/A,2,1,602,virtual,May 15 Bridge
V_May_15_Bridge_007,30.02437,31.343488,N/A,2,1,603,virtual,May 15 Bridge
V_May_15_Bridge_008,30.036915,31.329879,N/A,2,1,604,virtual,May 15 Bridge
V_May_15_Bridge_009,30.04627,31.317982,N/A,2,1,605,virtual,May 15 Bridge
V_May_15_Bridge_010,30.033663,31.332147,N/A,2,1,606,virtual,May 15 Bridge
V_Regional_Ring_Road_001,30.05045,31.55107,N/A,2,1,607,virtual,Regional Ring Road
V_Regional_Ring_Road_002,30.039331,31.562033,N/A,2,1,608,virtual,Regional Ring Road
V_Regional_Ring_Road_003,30.042172,31.581657,N/A,2,1,609,virtual,Regional Ring Road
V_Regional_Ring_Road_004,30.045216,31.598985,N/A,2,1,610,virtual,Regional Ring Road
V_Regional_Ring_Road_005,30.064216,31.620364,N/A,2,1,611,virtual,Regional Ring Road
V_Regional_Ring_Road_006,30.073109,31.635548,N/A,2,1,612,virtual,Regional Ring Road
V_Regional_Ring_Road_007,30.07826,31.662984,N/A,2,1,613,virtual,Regional Ring Road
V_Regional_Ring_Road_008,30.084647,31.679937,N/A,2,1,614,virtual,Regional Ring Road
V_Regional_Ring_Road_009,30.070485,31.686595,N/A,2,1,615,virtual,Regional Ring Road
V_Regional_Ring_Road_010,30.052614,31.684941,N/A,2,1,616,virtual,Regional Ring Road
V_Regional_Ring_Road_011,30.04398,31.717133,N/A,2,1,617,virtual,Regional Ring Road
V_Regional_Ring_Road_012,30.068211,31.729612,N/A,2,1,618,virtual,Regional Ring Road
V_Wahat_Road_035,29.88922,30.724362,N/A,2,1,619,virtual,Wahat Road
V_Regional_Ring_Road_013,30.085541,31.735176,N/A,2,1,620,virtual,Regional Ring Road
V_Regional_Ring_Road_014,30.101115,31.745449,N/A,2,1,621,virtual,Regional Ring Road
V_Regional_Ring_Road_015,30.102626,31.764716,N/A,2,1,622,virtual,Regional Ring Road
V_Regional_Ring_Road_016,30.100834,31.785372,N/A,2,1,623,virtual,Regional Ring Road
V_Regional_Ring_Road_017,30.0988,31.806028,N/A,2,1,624,virtual,Regional Ring Road
V_Regional_Ring_Road_018,30.096792,31.826687,N/A,2,1,625,virtual,Regional Ring Road
V_Regional_Ring_Road_019,30.095174,31.847387,N/A,2,1,626,virtual,Regional Ring Road
V_Regional_Ring_Road_020,30.091665,31.867758,N/A,2,1,627,virtual,Regional Ring Road
V_Regional_Ring_Road_021,30.088469,31.8882,N/A,2,1,628,virtual,Regional Ring Road
V_Regional_Ring_Road_022,30.087544,31.908959,N/A,2,1,629,virtual,Regional Ring Road
V_Regional_Ring_Road_023,30.086574,31.929715,N/A,2,1,630,virtual,Regional Ring Road
V_Regional_Ring_Road_024,30.086767,31.950382,N/A,2,1,631,virtual,Regional Ring Road
V_Regional_Ring_Road_025,30.080874,31.965703,N/A,2,1,632,virtual,Regional Ring Road
V_Regional_Ring_Road_026,30.062952,31.967456,N/A,2,1,633,virtual,Regional Ring Road
V_Regional_Ring_Road_027,30.063759,31.937964,N/A,2,1,634,virtual,Regional Ring Road
V_Regional_Ring_Road_028,30.066704,31.91781,N/A,2,1,635,virtual,Regional Ring Road
V_Regional_Ring_Road_029,30.065946,31.897298,N/A,2,1,636,virtual,Regional Ring Road
V_Regional_Ring_Road_030,30.06674,31.913385,N/A,2,1,637,virtual,Regional Ring Road
V_Regional_Ring_Road_031,30.065248,31.933867,N/A,2,1,638,virtual,Regional Ring Road
V_Regional_Ring_Road_032,30.059128,31.953387,N/A,2,1,639,virtual,Regional Ring Road
V_Regional_Ring_Road_033,30.050363,31.968687,N/A,2,1,640,virtual,Regional Ring Road
V_Regional_Ring_Road_034,30.032442,31.970465,N/A,2,1,641,virtual,Regional Ring Road
V_Regional_Ring_Road_035,30.014518,31.972199,N/A,2,1,642,virtual,Regional Ring Road
V_Regional_Ring_Road_036,29.996587,31.97332,N/A,2,1,643,virtual,Regional Ring Road
V_Regional_Ring_Road_037,29.98074,31.964248,N/A,2,1,644,virtual,Regional Ring Road
V_Regional_Ring_Road_038,29.96607,31.952233,N/A,2,1,645,virtual,Regional Ring Road
V_Regional_Ring_Road_039,29.951689,31.939832,N/A,2,1,646,virtual,Regional Ring Road
V_Regional_Ring_Road_040,29.935327,31.932109,N/A,2,1,647,virtual,Regional Ring Road
V_Regional_Ring_Road_041,29.917509,31.934534,N/A,2,1,648,virtual,Regional Ring Road
V_Regional_Ring_Road_042,29.899744,31.937766,N/A,2,1,649,virtual,Regional Ring Road
V_Regional_Ring_Road_043,29.881969,31.940943,N/A,2,1,650,virtual,Regional Ring Road
V_Regional_Ring_Road_044,29.864201,31.944162,N/A,2,1,651,virtual,Regional Ring Road
V_Regional_Ring_Road_045,29.846432,31.947379,N/A,2,1,652,virtual,Regional Ring Road
V_Regional_Ring_Road_046,29.828664,31.950595,N/A,2,1,653,virtual,Regional Ring Road
V_Regional_Ring_Road_047,29.810892,31.953788,N/A,2,1,654,virtual,Regional Ring Road
V_Regional_Ring_Road_048,29.793087,31.954368,N/A,2,1,655,virtual,Regional Ring Road
V_Regional_Ring_Road_049,29.77696,31.945312,N/A,2,1,656,virtual,Regional Ring Road
V_Regional_Ring_Road_050,29.789626,31.953429,N/A,2,1,657,virtual,Regional Ring Road
V_Regional_Ring_Road_051,29.807309,31.95483,N/A,2,1,658,virtual,Regional Ring Road
V_Regional_Ring_Road_052,29.825069,31.951573,N/A,2,1,659,virtual,Regional Ring Road
V_Regional_Ring_Road_053,29.84284,31.948371,N/A,2,1,660,virtual,Regional Ring Road
V_Regional_Ring_Road_054,29.860607,31.945143,N/A,2,1,661,virtual,Regional Ring Road
V_Regional_Ring_Road_055,29.878376,31.941931,N/A,2,1,662,virtual,Regional Ring Road
V_Regional_Ring_Road_056,29.896145,31.938713,N/A,2,1,663,virtual,Regional Ring Road
V_Regional_Ring_Road_057,29.913916,31.935514,N/A,2,1,664,virtual,Regional Ring Road
V_Regional_Ring_Road_058,29.931693,31.93243,N/A,2,1,665,virtual,Regional Ring Road
V_Regional_Ring_Road_059,29.948688,31.93785,N/A,2,1,666,virtual,Regional Ring Road
V_Regional_Ring_Road_060,29.963093,31.950151,N/A,2,1,667,virtual,Regional Ring Road
V_Regional_Ring_Road_061,29.977784,31.96213,N/A,2,1,668,virtual,Regional Ring Road
V_Regional_Ring_Road_062,29.992993,31.972902,N/A,2,1,669,virtual,Regional Ring Road
V_Regional_Ring_Road_063,30.010873,31.972898,N/A,2,1,670,virtual,Regional Ring Road
V_Regional_Ring_Road_064,30.028796,31.971153,N/A,2,1,671,virtual,Regional Ring Road
V_Regional_Ring_Road_065,30.046718,31.969401,N/A,2,1,672,virtual,Regional Ring Road
V_Regional_Ring_Road_066,30.06464,31.967635,N/A,2,1,673,virtual,Regional Ring Road
V_Regional_Ring_Road_067,30.082567,31.965992,N/A,2,1,674,virtual,Regional Ring Road
V_Regional_Ring_Road_068,30.081598,31.982454,N/A,2,1,675,virtual,Regional Ring Road
V_Regional_Ring_Road_069,30.077601,32.001296,N/A,2,1,676,virtual,Regional Ring Road
V_Regional_Ring_Road_070,30.060234,32.005146,N/A,2,1,677,virtual,Regional Ring Road
V_Regional_Ring_Road_071,30.04267,32.009272,N/A,2,1,678,virtual,Regional Ring Road
V_Regional_Ring_Road_072,30.024844,32.01095,N/A,2,1,679,virtual,Regional Ring Road
V_Regional_Ring_Road_073,30.006859,32.011177,N/A,2,1,680,virtual,Regional Ring Road
V_Regional_Ring_Road_074,29.988875,32.011369,N/A,2,1,681,virtual,Regional Ring Road
V_Regional_Ring_Road_075,29.975559,32.00316,N/A,2,1,682,virtual,Regional Ring Road
V_Regional_Ring_Road_076,29.97893,32.036222,N/A,2,1,683,virtual,Regional Ring Road
V_Regional_Ring_Road_077,29.97867,32.056522,N/A,2,1,684,virtual,Regional Ring Road
V_Regional_Ring_Road_078,29.981446,32.076646,N/A,2,1,685,virtual,Regional Ring Road
V_Regional_Ring_Road_079,29.98305,32.094416,N/A,2,1,686,virtual,Regional Ring Road
V_Regional_Ring_Road_080,29.998821,32.096813,N/A,2,1,687,virtual,Regional Ring Road
V_Regional_Ring_Road_081,30.016359,32.092763,N/A,2,1,688,virtual,Regional Ring Road
V_Regional_Ring_Road_082,30.034275,32.093999,N/A,2,1,689,virtual,Regional Ring Road
V_Regional_Ring_Road_083,30.010582,32.096121,N/A,2,1,690,virtual,Regional Ring Road
V_Regional_Ring_Road_084,29.993354,32.101932,N/A,2,1,691,virtual,Regional Ring Road
V_Regional_Ring_Road_085,29.98169,32.11743,N/A,2,1,692,virtual,Regional Ring Road
V_Regional_Ring_Road_086,29.971905,32.13483,N/A,2,1,693,virtual,Regional Ring Road
V_Regional_Ring_Road_087,29.963431,32.152955,N/A,2,1,694,virtual,Regional Ring Road
V_Regional_Ring_Road_088,29.951574,32.168521,N/A,2,1,695,virtual,Regional Ring Road
V_Regional_Ring_Road_089,29.939282,32.183546,N/A,2,1,696,virtual,Regional Ring Road
V_Regional_Ring_Road_090,29.924748,32.195679,N/A,2,1,697,virtual,Regional Ring Road
V_Regional_Ring_Road_091,29.911935,32.210185,N/A,2,1,698,virtual,Regional Ring Road
V_Regional_Ring_Road_092,29.897579,32.222604,N/A,2,1,699,virtual,Regional Ring Road
V_Regional_Ring_Road_093,29.887092,32.239355,N/A,2,1,700,virtual,Regional Ring Road
V_Regional_Ring_Road_094,29.872619,32.251261,N/A,2,1,701,virtual,Regional Ring Road
V_Regional_Ring_Road_095,29.856437,32.260299,N/A,2,1,702,virtual,Regional Ring Road
V_Regional_Ring_Road_096,29.840476,32.268687,N/A,2,1,703,virtual,Regional Ring Road
V_Regional_Ring_Road_097,29.82253,32.270033,N/A,2,1,704,virtual,Regional Ring Road
V_Regional_Ring_Road_098,29.807302,32.280324,N/A,2,1,705,virtual,Regional Ring Road
V_Regional_Ring_Road_099,29.792633,32.270907,N/A,2,1,706,virtual,Regional Ring Road
V_Regional_Ring_Road_100,29.779122,32.257358,N/A,2,1,707,virtual,Regional Ring Road
V_Regional_Ring_Road_101,29.762852,32.248677,N/A,2,1,708,virtual,Regional Ring Road
V_Regional_Ring_Road_102,29.745204,32.244688,N/A,2,1,709,virtual,Regional Ring Road
V_Regional_Ring_Road_103,29.750355,32.228504,N/A,2,1,710,virtual,Regional Ring Road
V_Regional_Ring_Road_104,29.762047,32.212895,N/A,2,1,711,virtual,Regional Ring Road
V_Regional_Ring_Road_105,29.770831,32.19492,N/A,2,1,712,virtual,Regional Ring Road
V_Regional_Ring_Road_106,29.773193,32.174392,N/A,2,1,713,virtual,Regional Ring Road
V_Regional_Ring_Road_107,29.775607,32.153871,N/A,2,1,714,virtual,Regional Ring Road
V_Regional_Ring_Road_108,29.777936,32.133326,N/A,2,1,715,virtual,Regional Ring Road
V_Regional_Ring_Road_109,29.780289,32.112781,N/A,2,1,716,virtual,Regional Ring Road
V_Regional_Ring_Road_110,29.782659,32.09224,N/A,2,1,717,virtual,Regional Ring Road
V_Regional_Ring_Road_111,29.775796,32.074451,N/A,2,1,718,virtual,Regional Ring Road
V_Regional_Ring_Road_112,29.773116,32.056849,N/A,2,1,719,virtual,Regional Ring Road
V_Regional_Ring_Road_113,29.772415,32.037909,N/A,2,1,720,virtual,Regional Ring Road
V_Regional_Ring_Road_114,29.770425,32.020691,N/A,2,1,721,virtual,Regional Ring Road
V_Regional_Ring_Road_115,29.765392,32.001959,N/A,2,1,722,virtual,Regional Ring Road
V_Regional_Ring_Road_116,29.754579,31.989624,N/A,2,1,723,virtual,Regional Ring Road
V_Regional_Ring_Road_117,29.744988,31.972272,N/A,2,1,724,virtual,Regional Ring Road
V_Regional_Ring_Road_118,29.728836,31.963308,N/A,2,1,725,virtual,Regional Ring Road
V_Regional_Ring_Road_119,29.714734,31.951313,N/A,2,1,726,virtual,Regional Ring Road
V_Regional_Ring_Road_120,29.714485,31.931231,N/A,2,1,727,virtual,Regional Ring Road
V_Regional_Ring_Road_121,29.71807,31.91501,N/A,2,1,728,virtual,Regional Ring Road
V_Regional_Ring_Road_122,29.703654,31.921539,N/A,2,1,729,virtual,Regional Ring Road
V_Regional_Ring_Road_123,29.690001,31.928323,N/A,2,1,730,virtual,Regional Ring Road
V_Regional_Ring_Road_124,29.674296,31.931341,N/A,2,1,731,virtual,Regional Ring Road
V_Regional_Ring_Road_125,29.658743,31.905797,N/A,2,1,732,virtual,Regional Ring Road
V_Regional_Ring_Road_126,29.661177,31.885584,N/A,2,1,733,virtual,Regional Ring Road
V_Regional_Ring_Road_127,29.658638,31.901682,N/A,2,1,734,virtual,Regional Ring Road
V_Regional_Ring_Road_128,29.661803,31.921875,N/A,2,1,735,virtual,Regional Ring Road
V_Regional_Ring_Road_129,29.671302,31.933574,N/A,2,1,736,virtual,Regional Ring Road
V_Regional_Ring_Road_130,29.686548,31.927805,N/A,2,1,737,virtual,Regional Ring Road
V_Regional_Ring_Road_131,29.701773,31.925011,N/A,2,1,738,virtual,Regional Ring Road
V_Regional_Ring_Road_132,29.716555,31.921426,N/A,2,1,739,virtual,Regional Ring Road
V_Regional_Ring_Road_133,29.71254,31.941568,N/A,2,1,740,virtual,Regional Ring Road
V_Regional_Ring_Road_134,29.720677,31.95907,N/A,2,1,741,virtual,Regional Ring Road
V_Regional_Ring_Road_135,29.737056,31.967589,N/A,2,1,742,virtual,Regional Ring Road
V_Regional_Ring_Road_136,29.750272,31.980694,N/A,2,1,743,virtual,Regional Ring Road
V_Regional_Ring_Road_137,29.725255,31.961518,N/A,2,1,744,virtual,Regional Ring Road
V_Regional_Ring_Road_138,29.713301,31.947142,N/A,2,1,745,virtual,Regional Ring Road
V_Regional_Ring_Road_139,29.715437,31.926873,N/A,2,1,746,virtual,Regional Ring Road
V_Regional_Ring_Road_140,29.720104,31.906874,N/A,2,1,747,virtual,Regional Ring Road
V_Regional_Ring_Road_141,29.727969,31.888746,N/A,2,1,748,virtual,Regional Ring Road
V_Regional_Ring_Road_142,29.740789,31.87425,N/A,2,1,749,virtual,Regional Ring Road
V_Regional_Ring_Road_143,29.748249,31.855644,N/A,2,1,750,virtual,Regional Ring Road
V_Regional_Ring_Road_144,29.761119,31.841173,N/A,2,1,751,virtual,Regional Ring Road
V_Regional_Ring_Road_145,29.771211,31.824383,N/A,2,1,752,virtual,Regional Ring Road
V_Regional_Ring_Road_146,29.775417,31.804237,N/A,2,1,753,virtual,Regional Ring Road
V_Regional_Ring_Road_147,29.779522,31.784064,N/A,2,1,754,virtual,Regional Ring Road
V_Regional_Ring_Road_148,29.785115,31.764511,N/A,2,1,755,virtual,Regional Ring Road
V_Regional_Ring_Road_149,29.798217,31.750478,N/A,2,1,756,virtual,Regional Ring Road
V_Regional_Ring_Road_150,29.811552,31.73669,N/A,2,1,757,virtual,Regional Ring Road
V_Regional_Ring_Road_151,29.822901,31.720639,N/A,2,1,758,virtual,Regional Ring Road
V_Regional_Ring_Road_152,29.835417,31.70575,N/A,2,1,759,virtual,Regional Ring Road
V_Regional_Ring_Road_153,29.847944,31.690871,N/A,2,1,760,virtual,Regional Ring Road
V_Regional_Ring_Road_154,29.860847,31.67645,N/A,2,1,761,virtual,Regional Ring Road
V_Regional_Ring_Road_155,29.847522,31.656167,N/A,2,1,762,virtual,Regional Ring Road
V_Regional_Ring_Road_156,29.832318,31.645177,N/A,2,1,763,virtual,Regional Ring Road
V_Regional_Ring_Road_157,29.822151,31.628466,N/A,2,1,764,virtual,Regional Ring Road
V_Regional_Ring_Road_158,29.809071,31.614581,N/A,2,1,765,virtual,Regional Ring Road
V_Regional_Ring_Road_159,29.798027,31.599104,N/A,2,1,766,virtual,Regional Ring Road
V_Regional_Ring_Road_160,29.788572,31.58177,N/A,2,1,767,virtual,Regional Ring Road
V_Regional_Ring_Road_161,29.782523,31.563456,N/A,2,1,768,virtual,Regional Ring Road
V_Regional_Ring_Road_162,29.775831,31.578779,N/A,2,1,769,virtual,Regional Ring Road
V_Regional_Ring_Road_163,29.771717,31.597587,N/A,2,1,770,virtual,Regional Ring Road
V_Regional_Ring_Road_164,29.77579,31.577752,N/A,2,1,771,virtual,Regional Ring Road
V_Regional_Ring_Road_165,29.782223,31.562106,N/A,2,1,772,virtual,Regional Ring Road
V_Regional_Ring_Road_166,29.788469,31.542878,N/A,2,1,773,virtual,Regional Ring Road
V_Regional_Ring_Road_167,29.792352,31.522789,N/A,2,1,774,virtual,Regional Ring Road
V_Regional_Ring_Road_168,29.785202,31.503992,N/A,2,1,775,virtual,Regional Ring Road
V_Regional_Ring_Road_169,29.774128,31.487781,N/A,2,1,776,virtual,Regional Ring Road
V_Regional_Ring_Road_170,29.762689,31.471868,N/A,2,1,777,virtual,Regional Ring Road
V_Regional_Ring_Road_171,29.754915,31.453425,N/A,2,1,778,virtual,Regional Ring Road
V_Regional_Ring_Road_172,29.743635,31.438114,N/A,2,1,779,virtual,Regional Ring Road
V_Regional_Ring_Road_173,29.729174,31.425853,N/A,2,1,780,virtual,Regional Ring Road
V_Regional_Ring_Road_174,29.718532,31.409166,N/A,2,1,781,virtual,Regional Ring Road
V_Regional_Ring_Road_175,29.749276,31.409422,N/A,2,1,782,virtual,Regional Ring Road
V_Regional_Ring_Road_176,29.764907,31.399643,N/A,2,1,783,virtual,Regional Ring Road
V_Regional_Ring_Road_177,29.769562,31.379786,N/A,2,1,784,virtual,Regional Ring Road
V_Regional_Ring_Road_178,29.780272,31.363701,N/A,2,1,785,virtual,Regional Ring Road
V_Regional_Ring_Road_179,29.790813,31.34776,N/A,2,1,786,virtual,Regional Ring Road
V_Regional_Ring_Road_180,29.808454,31.350879,N/A,2,1,787,virtual,Regional Ring Road
V_Regional_Ring_Road_181,29.826159,31.354171,N/A,2,1,788,virtual,Regional Ring Road
V_Regional_Ring_Road_182,29.841406,31.360782,N/A,2,1,789,virtual,Regional Ring Road
V_Regional_Ring_Road_183,29.842522,31.381264,N/A,2,1,790,virtual,Regional Ring Road
V_Regional_Ring_Road_184,29.848327,31.395567,N/A,2,1,791,virtual,Regional Ring Road
V_Regional_Ring_Road_185,29.853622,31.380685,N/A,2,1,792,virtual,Regional Ring Road
V_Regional_Ring_Road_186,29.868409,31.370329,N/A,2,1,793,virtual,Regional Ring Road
V_Regional_Ring_Road_187,29.870734,31.350381,N/A,2,1,794,virtual,Regional Ring Road
V_Regional_Ring_Road_188,29.879171,31.332093,N/A,2,1,795,virtual,Regional Ring Road
V_Regional_Ring_Road_189,29.893181,31.320033,N/A,2,1,796,virtual,Regional Ring Road
V_Regional_Ring_Road_190,29.906622,31.306837,N/A,2,1,797,virtual,Regional Ring Road
V_Regional_Ring_Road_191,29.920461,31.294946,N/A,2,1,798,virtual,Regional Ring Road
V_Regional_Ring_Road_192,29.93684,31.286923,N/A,2,1,799,virtual,Regional Ring Road
V_Regional_Ring_Road_193,29.953091,31.290378,N/A,2,1,800,virtual,Regional Ring Road
V_Wahat_Road_001,30.01002,31.2101,N/A,2,1,801,virtual,Wahat Road
V_Wahat_Road_002,29.995585,31.208971,N/A,2,1,802,virtual,Wahat Road
V_Wahat_Road_003,29.98395,31.179914,N/A,2,1,803,virtual,Wahat Road
V_Wahat_Road_004,29.968956,31.168658,N/A,2,1,804,virtual,Wahat Road
V_Wahat_Road_005,29.955532,31.155534,N/A,2,1,805,virtual,Wahat Road
V_Wahat_Road_006,29.94599,31.138921,N/A,2,1,806,virtual,Wahat Road
V_Wahat_Road_007,29.943909,31.120103,N/A,2,1,807,virtual,Wahat Road
V_Wahat_Road_008,29.946701,31.100326,N/A,2,1,808,virtual,Wahat Road
V_Wahat_Road_009,29.954481,31.081615,N/A,2,1,809,virtual,Wahat Road
V_Wahat_Road_010,29.95748,31.062092,N/A,2,1,810,virtual,Wahat Road
V_Wahat_Road_011,29.963568,31.038193,N/A,2,1,811,virtual,Wahat Road
V_Wahat_Road_012,29.969219,31.018483,N/A,2,1,812,virtual,Wahat Road
V_Wahat_Road_013,29.974919,30.998791,N/A,2,1,813,virtual,Wahat Road
V_Wahat_Road_014,29.969524,30.980398,N/A,2,1,814,virtual,Wahat Road
V_Wahat_Road_015,29.958458,30.964037,N/A,2,1,815,virtual,Wahat Road
V_Wahat_Road_016,29.945922,30.949556,N/A,2,1,816,virtual,Wahat Road
V_Wahat_Road_017,29.929025,30.942445,N/A,2,1,817,virtual,Wahat Road
V_Wahat_Road_018,29.912771,30.934096,N/A,2,1,818,virtual,Wahat Road
V_Wahat_Road_019,29.904256,30.915823,N/A,2,1,819,virtual,Wahat Road
V_Wahat_Road_020,29.903651,30.899381,N/A,2,1,820,virtual,Wahat Road
V_Wahat_Road_021,29.918104,30.887032,N/A,2,1,821,virtual,Wahat Road
V_Wahat_Road_022,29.903791,30.899054,N/A,2,1,822,virtual,Wahat Road
V_Wahat_Road_023,29.884517,30.873291,N/A,2,1,823,virtual,Wahat Road
V_Wahat_Road_024,29.875986,30.85504,N/A,2,1,824,virtual,Wahat Road
V_Wahat_Road_025,29.867214,30.836932,N/A,2,1,825,virtual,Wahat Road
V_Wahat_Road_026,29.858251,30.818951,N/A,2,1,826,virtual,Wahat Road
V_Wahat_Road_027,29.854995,30.798899,N/A,2,1,827,virtual,Wahat Road
V_Wahat_Road_028,29.853757,30.7789,N/A,2,1,828,virtual,Wahat Road
V_Wahat_Road_029,29.850027,30.758614,N/A,2,1,829,virtual,Wahat Road
V_Wahat_Road_030,29.846332,30.73832,N/A,2,1,830,virtual,Wahat Road
V_Wahat_Road_031,29.857731,30.725961,N/A,2,1,831,virtual,Wahat Road
V_Wahat_Road_032,29.873507,30.715999,N/A,2,1,832,virtual,Wahat Road
V_Wahat_Road_033,29.887374,30.710895,N/A,2,1,833,virtual,Wahat Road
V_Wahat_Road_034,29.909767,30.71475,N/A,2,1,834,virtual,Wahat Road
V_Wahat_Road_036,29.883932,30.709395,N/A,2,1,835,virtual,Wahat Road
V_Wahat_Road_037,29.868166,30.719378,N/A,2,1,836,virtual,Wahat Road
V_Wahat_Road_038,29.852412,30.729384,N/A,2,1,837,virtual,Wahat Road
V_Wahat_Road_039,29.847573,30.745196,N/A,2,1,838,virtual,Wahat Road
V_Wahat_Road_040,29.851298,30.765483,N/A,2,1,839,virtual,Wahat Road
V_Wahat_Road_041,29.854111,30.783765,N/A,2,1,840,virtual,Wahat Road
V_Wahat_Road_042,29.850545,30.763445,N/A,2,1,841,virtual,Wahat Road
V_Wahat_Road_043,29.846831,30.743155,N/A,2,1,842,virtual,Wahat Road
V_Wahat_Road_044,29.841937,30.723386,N/A,2,1,843,virtual,Wahat Road
V_Wahat_Road_045,29.831766,30.706285,N/A,2,1,844,virtual,Wahat Road
V_Wahat_Road_046,29.826684,30.686668,N/A,2,1,845,virtual,Wahat Road
V_Wahat_Road_047,29.823214,30.666326,N/A,2,1,846,virtual,Wahat Road
V_Wahat_Road_048,29.819497,30.646045,N/A,2,1,847,virtual,Wahat Road
V_Wahat_Road_049,29.814978,30.625979,N/A,2,1,848,virtual,Wahat Road
V_Wahat_Road_050,29.810054,30.606043,N/A,2,1,849,virtual,Wahat Road
V_Wahat_Road_051,29.804954,30.586165,N/A,2,1,850,virtual,Wahat Road
V_Wahat_Road_052,29.797426,30.567465,N/A,2,1,851,virtual,Wahat Road
V_Wahat_Road_053,29.787489,30.550316,N/A,2,1,852,virtual,Wahat Road
V_Wahat_Road_054,29.775184,30.535201,N/A,2,1,853,virtual,Wahat Road
V_Wahat_Road_055,29.767859,30.516674,N/A,2,1,854,virtual,Wahat Road
V_Wahat_Road_056,29.777125,30.501628,N/A,2,1,855,virtual,Wahat Road
V_Wahat_Road_057,29.794798,30.498979,N/A,2,1,856,virtual,Wahat Road
V_Wahat_Road_058,29.812692,30.500165,N/A,2,1,857,virtual,Wahat Road
V_Wahat_Road_059,29.828945,30.50873,N/A,2,1,858,virtual,Wahat Road
V_Wahat_Road_060,29.843759,30.520489,N/A,2,1,859,virtual,Wahat Road
V_Wahat_Road_061,29.858569,30.532258,N/A,2,1,860,virtual,Wahat Road
V_Wahat_Road_062,29.873375,30.544035,N/A,2,1,861,virtual,Wahat Road
V_Wahat_Road_063,29.888186,30.555804,N/A,2,1,862,virtual,Wahat Road
V_Wahat_Road_064,29.90299,30.567586,N/A,2,1,863,virtual,Wahat Road
V_Wahat_Road_065,29.917798,30.579365,N/A,2,1,864,virtual,Wahat Road
V_Wahat_Road_066,29.932031,30.592019,N/A,2,1,865,virtual,Wahat Road
V_Wahat_Road_067,29.945673,30.605546,N/A,2,1,866,virtual,Wahat Road
V_Wahat_Road_068,29.959311,30.61908,N/A,2,1,867,virtual,Wahat Road
V_Wahat_Road_069,29.972963,30.632597,N/A,2,1,868,virtual,Wahat Road
V_Wahat_Road_070,29.986599,30.646136,N/A,2,1,869,virtual,Wahat Road
V_Wahat_Road_071,30.000239,30.659673,N/A,2,1,870,virtual,Wahat Road
V_Wahat_Road_072,30.014649,30.672008,N/A,2,1,871,virtual,Wahat Road
V_Wahat_Road_073,30.031614,30.67863,N/A,2,1,872,virtual,Wahat Road
V_Wahat_Road_074,30.049559,30.679034,N/A,2,1,873,virtual,Wahat Road
V_Wahat_Road_075,30.06753,30.678183,N/A,2,1,874,virtual,Wahat Road
V_Wahat_Road_076,30.085478,30.677588,N/A,2,1,875,virtual,Wahat Road
V_Wahat_Road_077,30.068185,30.677937,N/A,2,1,876,virtual,Wahat Road
V_Wahat_Road_078,30.051809,30.678012,N/A,2,1,877,virtual,Wahat Road
V_Wahat_Road_079,30.033832,30.67766,N/A,2,1,878,virtual,Wahat Road
V_Wahat_Road_080,30.016781,30.671307,N/A,2,1,879,virtual,Wahat Road
V_Wahat_Road_081,30.001899,30.659669,N/A,2,1,880,virtual,Wahat Road
V_Wahat_Road_082,29.988325,30.646045,N/A,2,1,881,virtual,Wahat Road
V_Wahat_Road_083,29.974751,30.632423,N/A,2,1,882,virtual,Wahat Road
V_Wahat_Road_084,29.96117,30.61881,N/A,2,1,883,virtual,Wahat Road
V_Wahat_Road_085,29.94759,30.605197,N/A,2,1,884,virtual,Wahat Road
V_Wahat_Road_086,29.934013,30.591583,N/A,2,1,885,virtual,Wahat Road
V_Wahat_Road_087,29.919863,30.578807,N/A,2,1,886,virtual,Wahat Road
V_Wahat_Road_088,29.905075,30.566996,N/A,2,1,887,virtual,Wahat Road
V_Wahat_Road_089,29.890719,30.554516,N/A,2,1,888,virtual,Wahat Road
V_Wahat_Road_090,29.877769,30.540142,N/A,2,1,889,virtual,Wahat Road
V_Wahat_Road_091,29.866991,30.523579,N/A,2,1,890,virtual,Wahat Road
V_Wahat_Road_092,29.859281,30.504881,N/A,2,1,891,virtual,Wahat Road
V_Wahat_Road_093,29.85501,30.484775,N/A,2,1,892,virtual,Wahat Road
V_Wahat_Road_094,29.8541,30.464082,N/A,2,1,893,virtual,Wahat Road
V_Wahat_Road_095,29.853871,30.443345,N/A,2,1,894,virtual,Wahat Road
V_Wahat_Road_096,29.853618,30.422611,N/A,2,1,895,virtual,Wahat Road
V_Wahat_Road_097,29.85335,30.401876,N/A,2,1,896,virtual,Wahat Road
V_Wahat_Road_098,29.853127,30.38114,N/A,2,1,897,virtual,Wahat Road
V_Wahat_Road_099,29.852871,30.360405,N/A,2,1,898,virtual,Wahat Road
V_Wahat_Road_100,29.85262,30.339672,N/A,2,1,899,virtual,Wahat Road
V_New_Capital_Road_001,30.06807,31.49,N/A,2,1,900,virtual,New Capital Road
V_New_Capital_Road_002,30.0871,31.50601,N/A,2,1,901,virtual,New Capital Road
V_New_Capital_Road_003,30.08609,31.5252,N/A,2,1,902,virtual,New Capital Road
V_New_Capital_Road_004,30.087364,31.545249,N/A,2,1,903,virtual,New Capital Road
V_New_Capital_Road_005,30.094441,31.564329,N/A,2,1,904,virtual,New Capital Road
V_New_Capital_Road_006,30.101483,31.582757,N/A,2,1,905,virtual,New Capital Road
V_New_Capital_Road_007,30.085483,31.589303,N/A,2,1,906,virtual,New Capital Road
V_New_Capital_Road_008,30.073093,31.602536,N/A,2,1,907,virtual,New Capital Road
V_New_Capital_Road_009,30.056602,31.610829,N/A,2,1,908,virtual,New Capital Road
V_New_Capital_Road_010,30.040861,31.603445,N/A,2,1,909,virtual,New Capital Road
V_New_Capital_Road_011,30.023939,31.597039,N/A,2,1,910,virtual,New Capital Road
V_New_Capital_Road_012,30.01095,31.590599,N/A,2,1,911,virtual,New Capital Road
V_New_Capital_Road_013,30.02501,31.598569,N/A,2,1,912,virtual,New Capital Road
V_New_Capital_Road_014,30.022104,31.614921,N/A,2,1,913,virtual,New Capital Road
V_New_Capital_Road_015,30.016263,31.63438,N/A,2,1,914,virtual,New Capital Road
V_New_Capital_Road_016,30.017202,31.655024,N/A,2,1,915,virtual,New Capital Road
V_New_Capital_Road_017,30.019276,31.675655,N/A,2,1,916,virtual,New Capital Road
V_New_Capital_Road_018,30.0134,31.692154,N/A,2,1,917,virtual,New Capital Road
V_New_Capital_Road_019,30.002391,31.720962,N/A,2,1,918,virtual,New Capital Road
V_New_Capital_Road_020,29.989726,31.734396,N/A,2,1,919,virtual,New Capital Road
V_New_Capital_Road_021,29.99415,31.753184,N/A,2,1,920,virtual,New Capital Road
V_New_Capital_Road_022,30.005255,31.76952,N/A,2,1,921,virtual,New Capital Road
V_New_Capital_Road_023,29.991965,31.793418,N/A,2,1,922,virtual,New Capital Road
V_New_Capital_Road_024,30.013852,31.779808,N/A,2,1,923,virtual,New Capital Road
V_New_Capital_Road_025,30.019256,31.76473,N/A,2,1,924,virtual,New Capital Road
V_New_Capital_Road_026,30.019375,31.743957,N/A,2,1,925,virtual,New Capital Road
V_New_Capital_Road_027,30.036108,31.722376,N/A,2,1,926,virtual,New Capital Road
V_New_Capital_Road_028,30.051705,31.732112,N/A,2,1,927,virtual,New Capital Road
V_New_Capital_Road_029,30.062037,31.748975,N/A,2,1,928,virtual,New Capital Road
V_New_Capital_Road_030,30.070673,31.767103,N/A,2,1,929,virtual,New Capital Road
V_New_Capital_Road_031,30.079797,31.784925,N/A,2,1,930,virtual,New Capital Road
V_New_Capital_Road_032,30.091482,31.800013,N/A,2,1,931,virtual,New Capital Road
V_New_Capital_Road_033,30.097507,31.815499,N/A,2,1,932,virtual,New Capital Road
V_New_Capital_Road_034,30.095975,31.83619,N/A,2,1,933,virtual,New Capital Road
V_New_Capital_Road_035,30.093381,31.856704,N/A,2,1,934,virtual,New Capital Road
V_New_Capital_Road_036,30.090038,31.877121,N/A,2,1,935,virtual,New Capital Road
V_New_Capital_Road_037,30.088091,31.897739,N/A,2,1,936,virtual,New Capital Road
V_New_Capital_Road_038,30.08709,31.918494,N/A,2,1,937,virtual,New Capital Road
V_New_Capital_Road_039,30.086182,31.939255,N/A,2,1,938,virtual,New Capital Road
V_New_Capital_Road_040,30.086564,31.959892,N/A,2,1,939,virtual,New Capital Road
V_New_Capital_Road_041,30.072642,31.966528,N/A,2,1,940,virtual,New Capital Road
V_New_Capital_Road_042,30.054717,31.968252,N/A,2,1,941,virtual,New Capital Road
V_New_Capital_Road_043,30.036798,31.970042,N/A,2,1,942,virtual,New Capital Road
V_New_Capital_Road_044,30.018874,31.971778,N/A,2,1,943,virtual,New Capital Road
V_New_Capital_Road_045,30.000951,31.973507,N/A,2,1,944,virtual,New Capital Road
V_New_Capital_Road_046,29.984305,31.967167,N/A,2,1,945,virtual,New Capital Road
V_New_Capital_Road_047,29.969635,31.955153,N/A,2,1,946,virtual,New Capital Road
V_New_Capital_Road_048,29.955196,31.942829,N/A,2,1,947,virtual,New Capital Road
V_New_Capital_Road_049,29.939636,31.932894,N/A,2,1,948,virtual,New Capital Road
V_New_Capital_Road_050,29.92183,31.933771,N/A,2,1,949,virtual,New Capital Road
V_New_Capital_Road_051,29.904063,31.93699,N/A,2,1,950,virtual,New Capital Road
V_New_Capital_Road_052,29.886289,31.940173,N/A,2,1,951,virtual,New Capital Road
V_New_Capital_Road_053,29.868519,31.943378,N/A,2,1,952,virtual,New Capital Road
V_New_Capital_Road_054,29.850751,31.946598,N/A,2,1,953,virtual,New Capital Road
V_New_Capital_Road_055,29.832979,31.949793,N/A,2,1,954,virtual,New Capital Road
V_New_Capital_Road_056,29.815211,31.953013,N/A,2,1,955,virtual,New Capital Road
V_New_Capital_Road_057,29.797384,31.95525,N/A,2,1,956,virtual,New Capital Road
V_New_Capital_Road_058,29.780811,31.947695,N/A,2,1,957,virtual,New Capital Road
V_New_Capital_Road_059,29.764947,31.938661,N/A,2,1,958,virtual,New Capital Road
V_New_Capital_Road_060,29.785737,31.951137,N/A,2,1,959,virtual,New Capital Road
V_New_Capital_Road_061,29.802986,31.955566,N/A,2,1,960,virtual,New Capital Road
V_New_Capital_Road_062,29.820752,31.952358,N/A,2,1,961,virtual,New Capital Road
V_New_Capital_Road_063,29.838522,31.949152,N/A,2,1,962,virtual,New Capital Road
V_New_Capital_Road_064,29.856289,31.945929,N/A,2,1,963,virtual,New Capital Road
V_New_Capital_Road_065,29.874059,31.942718,N/A,2,1,964,virtual,New Capital Road
V_New_Capital_Road_066,29.891828,31.939502,N/A,2,1,965,virtual,New Capital Road
V_New_Capital_Road_067,29.909597,31.936287,N/A,2,1,966,virtual,New Capital Road
V_New_Capital_Road_068,29.92737,31.933103,N/A,2,1,967,virtual,New Capital Road
V_New_Capital_Road_069,29.944915,31.935348,N/A,2,1,968,virtual,New Capital Road
V_New_Capital_Road_070,29.959653,31.947051,N/A,2,1,969,virtual,New Capital Road
V_New_Capital_Road_071,29.974212,31.959222,N/A,2,1,970,virtual,New Capital Road
V_New_Capital_Road_072,29.988877,31.971233,N/A,2,1,971,virtual,New Capital Road
V_New_Capital_Road_073,30.006519,31.97334,N/A,2,1,972,virtual,New Capital Road
V_New_Capital_Road_074,30.02444,31.971573,N/A,2,1,973,virtual,New Capital Road
V_New_Capital_Road_075,30.042363,31.969836,N/A,2,1,974,virtual,New Capital Road
V_New_Capital_Road_076,30.060284,31.96806,N/A,2,1,975,virtual,New Capital Road
V_New_Capital_Road_077,30.078206,31.966301,N/A,2,1,976,virtual,New Capital Road
V_New_Capital_Road_078,30.079145,31.996595,N/A,2,1,977,virtual,New Capital Road
V_New_Capital_Road_079,30.064576,32.004587,N/A,2,1,978,virtual,New Capital Road
V_New_Capital_Road_080,30.046928,32.00813,N/A,2,1,979,virtual,New Capital Road
V_New_Capital_Road_081,30.029215,32.010941,N/A,2,1,980,virtual,New Capital Road
V_New_Capital_Road_082,30.01123,32.011124,N/A,2,1,981,virtual,New Capital Road
V_New_Capital_Road_083,29.993246,32.01136,N/A,2,1,982,virtual,New Capital Road
V_New_Capital_Road_084,29.977535,32.003241,N/A,2,1,983,virtual,New Capital Road
V_New_Capital_Road_085,29.971097,31.974803,N/A,2,1,984,virtual,New Capital Road
V_New_Capital_Road_086,29.974336,31.993754,N/A,2,1,985,virtual,New Capital Road
V_New_Capital_Road_087,29.981165,32.012799,N/A,2,1,986,virtual,New Capital Road
V_New_Capital_Road_088,29.97876,32.032429,N/A,2,1,987,virtual,New Capital Road
V_New_Capital_Road_089,29.978446,32.05273,N/A,2,1,988,virtual,New Capital Road
V_New_Capital_Road_090,29.979678,32.073441,N/A,2,1,989,virtual,New Capital Road
V_New_Capital_Road_091,29.979915,32.092588,N/A,2,1,990,virtual,New Capital Road
V_New_Capital_Road_092,29.98482,32.110083,N/A,2,1,991,virtual,New Capital Road
V_New_Capital_Road_093,29.968328,32.108747,N/A,2,1,992,virtual,New Capital Road
V_New_Capital_Road_094,29.952194,32.115755,N/A,2,1,993,virtual,New Capital Road
V_New_Capital_Road_095,29.980775,32.109617,N/A,2,1,994,virtual,New Capital Road
V_New_Capital_Road_096,29.976297,32.12454,N/A,2,1,995,virtual,New Capital Road
V_New_Capital_Road_097,29.967734,32.142055,N/A,2,1,996,virtual,New Capital Road
V_New_Capital_Road_098,29.958185,32.159287,N/A,2,1,997,virtual,New Capital Road
V_New_Capital_Road_099,29.945025,32.17342,N/A,2,1,998,virtual,New Capital Road
V_New_Capital_Road_100,29.931421,32.186952,N/A,2,1,999,virtual,New Capital Road
V_New_Capital_Road_101,29.918399,32.201248,N/A,2,1,1000,virtual,New Capital Road
V_New_Capital_Road_102,29.905409,32.214575,N/A,2,1,1001,virtual,New Capital Road
V_New_Capital_Road_103,29.892668,32.226689,N/A,2,1,1002,virtual,New Capital Road
V_New_Capital_Road_104,29.882152,32.242742,N/A,2,1,1003,virtual,New Capital Road
V_New_Capital_Road_105,29.870135,32.257894,N/A,2,1,1004,virtual,New Capital Road
V_New_Capital_Road_106,29.889752,32.236525,N/A,2,1,1005,virtual,New Capital Road
V_New_Capital_Road_107,29.900697,32.220387,N/A,2,1,1006,virtual,New Capital Road
V_New_Capital_Road_108,29.914794,32.207602,N/A,2,1,1007,virtual,New Capital Road
V_New_Capital_Road_109,29.927862,32.193475,N/A,2,1,1008,virtual,New Capital Road
V_Madinaty_Road_001,30.06807,31.49,N/A,2,1,1009,virtual,Madinaty Road
V_Madinaty_Road_002,30.084074,31.509222,N/A,2,1,1010,virtual,Madinaty Road
V_Madinaty_Road_003,30.084926,31.529055,N/A,2,1,1011,virtual,Madinaty Road
V_Madinaty_Road_004,30.073695,31.538873,N/A,2,1,1012,virtual,Madinaty Road
V_Madinaty_Road_005,30.088078,31.548252,N/A,2,1,1013,virtual,Madinaty Road
V_Madinaty_Road_006,30.09576,31.566594,N/A,2,1,1014,virtual,Madinaty Road
V_Madinaty_Road_007,30.102474,31.585432,N/A,2,1,1015,virtual,Madinaty Road
V_Madinaty_Road_008,30.105424,31.60585,N/A,2,1,1016,virtual,Madinaty Road
V_Madinaty_Road_009,30.080122,31.618646,N/A,2,1,1017,virtual,Madinaty Road
V_Madinaty_Road_010,30.072679,31.644026,N/A,2,1,1018,virtual,Madinaty Road
V_Madinaty_Road_011,30.072664,31.664794,N/A,2,1,1019,virtual,Madinaty Road
V_Madinaty_Road_012,30.079656,31.681805,N/A,2,1,1020,virtual,Madinaty Road
V_Madinaty_Road_013,30.056226,31.684731,N/A,2,1,1021,virtual,Madinaty Road
V_Madinaty_Road_014,30.038976,31.683878,N/A,2,1,1022,virtual,Madinaty Road
V_Madinaty_Road_015,30.02329,31.677019,N/A,2,1,1023,virtual,Madinaty Road
V_Madinaty_Road_016,30.019581,31.696767,N/A,2,1,1024,virtual,Madinaty Road
V_Madinaty_Road_017,30.0183,31.717349,N/A,2,1,1025,virtual,Madinaty Road
V_Madinaty_Road_018,30.022868,31.732936,N/A,2,1,1026,virtual,Madinaty Road
V_Madinaty_Road_019,30.040303,31.736647,N/A,2,1,1027,virtual,Madinaty Road
V_Madinaty_Road_020,30.052816,31.750671,N/A,2,1,1028,virtual,Madinaty Road
V_Madinaty_Road_021,30.061755,31.768704,N/A,2,1,1029,virtual,Madinaty Road
V_Madinaty_Road_022,30.070437,31.783437,N/A,2,1,1030,virtual,Madinaty Road
V_Shorouk_Mostakbal_001,30.09985,31.55006,N/A,2,1,1031,virtual,Shorouk Mostakbal
V_Shorouk_Mostakbal_002,30.097312,31.568759,N/A,2,1,1032,virtual,Shorouk Mostakbal
V_Shorouk_Mostakbal_003,30.102966,31.588186,N/A,2,1,1033,virtual,Shorouk Mostakbal
V_Shorouk_Mostakbal_004,30.106893,31.60841,N/A,2,1,1034,virtual,Shorouk Mostakbal
V_Shorouk_Mostakbal_005,30.114199,31.62733,N/A,2,1,1035,virtual,Shorouk Mostakbal
V_Shorouk_Mostakbal_006,30.117445,31.647714,N/A,2,1,1036,virtual,Shorouk Mostakbal
V_Shorouk_Mostakbal_007,30.10953,31.676055,N/A,2,1,1037,virtual,Shorouk Mostakbal
V_Shorouk_Mostakbal_008,30.110067,31.696832,N/A,2,1,1038,virtual,Shorouk Mostakbal
V_Shorouk_Mostakbal_009,30.109123,31.717428,N/A,2,1,1039,virtual,Shorouk Mostakbal
V_Shorouk_Mostakbal_010,30.10506,31.737656,N/A,2,1,1040,virtual,Shorouk Mostakbal
V_Shorouk_Mostakbal_011,30.122528,31.745873,N/A,2,1,1041,virtual,Shorouk Mostakbal
V_Shorouk_Mostakbal_012,30.10515,31.747033,N/A,2,1,1042,virtual,Shorouk Mostakbal
V_Shorouk_Mostakbal_013,30.101276,31.781048,N/A,2,1,1043,virtual,Shorouk Mostakbal
V_Shorouk_Mostakbal_014,30.099232,31.801703,N/A,2,1,1044,virtual,Shorouk Mostakbal
V_Shorouk_Mostakbal_015,30.097203,31.822359,N/A,2,1,1045,virtual,Shorouk Mostakbal
V_Shorouk_Mostakbal_016,30.095183,31.842959,N/A,2,1,1046,virtual,Shorouk Mostakbal
V_Cairo_Alex_Desert_001,30.07002,31.29001,N/A,2,1,1047,virtual,Cairo Alex Desert
V_Cairo_Alex_Desert_002,30.066802,31.260146,N/A,2,1,1048,virtual,Cairo Alex Desert
V_Cairo_Alex_Desert_003,30.058535,31.242559,N/A,2,1,1049,virtual,Cairo Alex Desert
V_Cairo_Alex_Desert_004,30.058499,31.225169,N/A,2,1,1050,virtual,Cairo Alex Desert
V_Cairo_Alex_Desert_005,30.062841,31.206261,N/A,2,1,1051,virtual,Cairo Alex Desert
V_Cairo_Alex_Desert_006,30.069539,31.188682,N/A,2,1,1052,virtual,Cairo Alex Desert
V_Cairo_Alex_Desert_007,30.070595,31.168645,N/A,2,1,1053,virtual,Cairo Alex Desert
V_Cairo_Alex_Desert_008,30.061448,31.151551,N/A,2,1,1054,virtual,Cairo Alex Desert
V_Cairo_Alex_Desert_009,30.057984,31.133291,N/A,2,1,1055,virtual,Cairo Alex Desert
V_Cairo_Alex_Desert_010,30.075124,31.130092,N/A,2,1,1056,virtual,Cairo Alex Desert
V_Cairo_Alex_Desert_011,30.057188,31.116604,N/A,2,1,1057,virtual,Cairo Alex Desert
V_Cairo_Alex_Desert_012,30.054953,31.096767,N/A,2,1,1058,virtual,Cairo Alex Desert
V_Cairo_Alex_Desert_013,30.057871,31.079098,N/A,2,1,1059,virtual,Cairo Alex Desert
V_Cairo_Alex_Desert_014,30.050614,31.060085,N/A,2,1,1060,virtual,Cairo Alex Desert
V_Cairo_Alex_Desert_015,30.041295,31.042366,N/A,2,1,1061,virtual,Cairo Alex Desert
V_Cairo_Alex_Desert_016,30.030949,31.02543,N/A,2,1,1062,virtual,Cairo Alex Desert
V_Cairo_Alex_Desert_017,30.042305,31.012069,N/A,2,1,1063,virtual,Cairo Alex Desert
V_Cairo_Alex_Desert_018,30.056525,30.999568,N/A,2,1,1064,virtual,Cairo Alex Desert
V_Cairo_Alex_Desert_019,30.06337,30.981921,N/A,2,1,1065,virtual,Cairo Alex Desert
V_Cairo_Alex_Desert_020,30.048594,30.95588,N/A,2,1,1066,virtual,Cairo Alex Desert
V_Cairo_Alex_Desert_021,30.055455,30.94188,N/A,2,1,1067,virtual,Cairo Alex Desert
V_Cairo_Alex_Desert_022,30.070669,30.932844,N/A,2,1,1068,virtual,Cairo Alex Desert
V_Cairo_Alex_Desert_023,30.070781,30.911169,N/A,2,1,1069,virtual,Cairo Alex Desert
V_Cairo_Alex_Desert_024,30.068041,30.890835,N/A,2,1,1070,virtual,Cairo Alex Desert
V_Cairo_Alex_Desert_025,30.067869,30.870053,N/A,2,1,1071,virtual,Cairo Alex Desert
V_Cairo_Alex_Desert_026,30.067659,30.84949,N/A,2,1,1072,virtual,Cairo Alex Desert
V_Cairo_Alex_Desert_027,30.062988,30.822863,N/A,2,1,1073,virtual,Cairo Alex Desert
V_Cairo_Alex_Desert_028,30.065156,30.804599,N/A,2,1,1074,virtual,Cairo Alex Desert
V_Cairo_Alex_Desert_029,30.067204,30.823082,N/A,2,1,1075,virtual,Cairo Alex Desert
V_Cairo_Alex_Desert_030,30.067405,30.843864,N/A,2,1,1076,virtual,Cairo Alex Desert
V_Cairo_Alex_Desert_031,30.067338,30.819685,N/A,2,1,1077,virtual,Cairo Alex Desert
V_Cairo_Alex_Desert_032,30.067138,30.798904,N/A,2,1,1078,virtual,Cairo Alex Desert
V_Cairo_Alex_Desert_033,30.066937,30.778122,N/A,2,1,1079,virtual,Cairo Alex Desert
V_Cairo_Alex_Desert_034,30.066746,30.75734,N/A,2,1,1080,virtual,Cairo Alex Desert
V_Cairo_Alex_Desert_035,30.06673,30.736563,N/A,2,1,1081,virtual,Cairo Alex Desert
V_Cairo_Alex_Desert_036,30.075253,30.718912,N/A,2,1,1082,virtual,Cairo Alex Desert
V_Cairo_Alex_Desert_037,30.091878,30.711346,N/A,2,1,1083,virtual,Cairo Alex Desert
V_Cairo_Alex_Desert_038,30.108896,30.704709,N/A,2,1,1084,virtual,Cairo Alex Desert
V_Cairo_Alex_Desert_039,30.123175,30.692302,N/A,2,1,1085,virtual,Cairo Alex Desert
V_Cairo_Alex_Desert_040,30.135433,30.677085,N/A,2,1,1086,virtual,Cairo Alex Desert
V_Cairo_Alex_Desert_041,30.105709,30.676119,N/A,2,1,1087,virtual,Cairo Alex Desert
V_Cairo_Alex_Desert_042,30.087741,30.677036,N/A,2,1,1088,virtual,Cairo Alex Desert
V_Cairo_Alex_Desert_043,30.069769,30.677864,N/A,2,1,1089,virtual,Cairo Alex Desert
V_Cairo_Alex_Desert_044,30.056183,30.67229,N/A,2,1,1090,virtual,Cairo Alex Desert
V_Cairo_Alex_Desert_045,30.039778,30.647744,N/A,2,1,1091,virtual,Cairo Alex Desert
V_Cairo_Alex_Desert_046,30.023817,30.644669,N/A,2,1,1092,virtual,Cairo Alex Desert
V_Cairo_Alex_Desert_047,30.043665,30.649328,N/A,2,1,1093,virtual,Cairo Alex Desert
V_Cairo_Alex_Desert_048,30.044891,30.670057,N/A,2,1,1094,virtual,Cairo Alex Desert
V_Cairo_Alex_Desert_049,30.05824,30.6761,N/A,2,1,1095,virtual,Cairo Alex Desert
V_Cairo_Alex_Desert_050,30.075076,30.67551,N/A,2,1,1096,virtual,Cairo Alex Desert
V_Cairo_Alex_Desert_051,30.091776,30.672726,N/A,2,1,1097,virtual,Cairo Alex Desert
V_Cairo_Alex_Desert_052,30.119563,30.674478,N/A,2,1,1098,virtual,Cairo Alex Desert
V_Cairo_Alex_Desert_053,30.137533,30.673576,N/A,2,1,1099,virtual,Cairo Alex Desert
V_Cairo_Alex_Desert_054,30.154226,30.653547,N/A,2,1,1100,virtual,Cairo Alex Desert
V_Cairo_Alex_Desert_055,30.164446,30.636571,N/A,2,1,1101,virtual,Cairo Alex Desert
V_Cairo_Alex_Desert_056,30.168213,30.616372,N/A,2,1,1102,virtual,Cairo Alex Desert
V_Cairo_Alex_Desert_057,30.168717,30.595576,N/A,2,1,1103,virtual,Cairo Alex Desert
V_Cairo_Alex_Desert_058,30.169201,30.574779,N/A,2,1,1104,virtual,Cairo Alex Desert
V_Cairo_Alex_Desert_059,30.169683,30.553982,N/A,2,1,1105,virtual,Cairo Alex Desert
V_Cairo_Alex_Desert_060,30.170161,30.533184,N/A,2,1,1106,virtual,Cairo Alex Desert
V_Cairo_Alex_Desert_061,30.170632,30.512387,N/A,2,1,1107,virtual,Cairo Alex Desert
V_Cairo_Alex_Desert_062,30.170715,30.491592,N/A,2,1,1108,virtual,Cairo Alex Desert
V_Cairo_Alex_Desert_063,30.167701,30.471122,N/A,2,1,1109,virtual,Cairo Alex Desert
V_Cairo_Alex_Desert_064,30.161546,30.451594,N/A,2,1,1110,virtual,Cairo Alex Desert
V_Cairo_Alex_Desert_065,30.154755,30.432331,N/A,2,1,1111,virtual,Cairo Alex Desert
V_Cairo_Alex_Desert_066,30.134871,30.441447,N/A,2,1,1112,virtual,Cairo Alex Desert
V_Cairo_Alex_Desert_067,30.116886,30.441193,N/A,2,1,1113,virtual,Cairo Alex Desert
V_Cairo_Alex_Desert_068,30.098901,30.440966,N/A,2,1,1114,virtual,Cairo Alex Desert
V_Cairo_Alex_Desert_069,30.098133,30.460999,N/A,2,1,1115,virtual,Cairo Alex Desert
V_Cairo_Alex_Desert_070,30.080148,30.460713,N/A,2,1,1116,virtual,Cairo Alex Desert
V_Cairo_Alex_Desert_071,30.062164,30.460403,N/A,2,1,1117,virtual,Cairo Alex Desert
V_Cairo_Alex_Desert_072,30.044179,30.46009,N/A,2,1,1118,virtual,Cairo Alex Desert
V_Cairo_Alex_Desert_073,30.026194,30.459856,N/A,2,1,1119,virtual,Cairo Alex Desert
V_Cairo_Alex_Desert_074,30.008209,30.459625,N/A,2,1,1120,virtual,Cairo Alex Desert
V_Cairo_Alex_Desert_075,30.029422,30.459898,N/A,2,1,1121,virtual,Cairo Alex Desert
V_Cairo_Alex_Desert_076,30.047407,30.460146,N/A,2,1,1122,virtual,Cairo Alex Desert
V_Cairo_Alex_Desert_077,30.065392,30.460459,N/A,2,1,1123,virtual,Cairo Alex Desert
V_Cairo_Alex_Desert_078,30.083376,30.460765,N/A,2,1,1124,virtual,Cairo Alex Desert
V_Cairo_Alex_Desert_079,30.098192,30.457312,N/A,2,1,1125,virtual,Cairo Alex Desert
V_Cairo_Alex_Desert_080,30.098318,30.436523,N/A,2,1,1126,virtual,Cairo Alex Desert
V_Cairo_Alex_Desert_081,30.09845,30.415734,N/A,2,1,1127,virtual,Cairo Alex Desert
V_Cairo_Alex_Desert_082,30.093699,30.400472,N/A,2,1,1128,virtual,Cairo Alex Desert
V_Cairo_Alex_Desert_083,30.075714,30.400218,N/A,2,1,1129,virtual,Cairo Alex Desert
V_Cairo_Alex_Desert_084,30.057729,30.399963,N/A,2,1,1130,virtual,Cairo Alex Desert
V_Cairo_Alex_Desert_085,30.039744,30.399727,N/A,2,1,1131,virtual,Cairo Alex Desert
V_Cairo_Alex_Desert_086,30.021758,30.399491,N/A,2,1,1132,virtual,Cairo Alex Desert
V_Cairo_Alex_Desert_087,30.003774,30.39923,N/A,2,1,1133,virtual,Cairo Alex Desert
V_Cairo_Alex_Desert_088,30.029855,30.399597,N/A,2,1,1134,virtual,Cairo Alex Desert
V_Cairo_Alex_Desert_089,30.04784,30.399833,N/A,2,1,1135,virtual,Cairo Alex Desert
V_Cairo_Alex_Desert_090,30.065825,30.400078,N/A,2,1,1136,virtual,Cairo Alex Desert
V_Cairo_Alex_Desert_091,30.08381,30.400332,N/A,2,1,1137,virtual,Cairo Alex Desert
V_Cairo_Alex_Desert_092,30.098564,30.396777,N/A,2,1,1138,virtual,Cairo Alex Desert
V_Cairo_Alex_Desert_093,30.102625,30.380623,N/A,2,1,1139,virtual,Cairo Alex Desert
V_Cairo_Alex_Desert_094,30.12061,30.380911,N/A,2,1,1140,virtual,Cairo Alex Desert
V_Cairo_Alex_Desert_095,30.136545,30.384689,N/A,2,1,1141,virtual,Cairo Alex Desert
V_Cairo_Alex_Desert_096,30.143353,30.403939,N/A,2,1,1142,virtual,Cairo Alex Desert
V_Cairo_Alex_Desert_097,30.148818,30.423659,N/A,2,1,1143,virtual,Cairo Alex Desert
V_Cairo_Alex_Desert_098,30.155996,30.441917,N/A,2,1,1144,virtual,Cairo Alex Desert
V_Cairo_Alex_Desert_099,30.147184,30.410955,N/A,2,1,1145,virtual,Cairo Alex Desert
V_Cairo_Alex_Desert_100,30.140387,30.391698,N/A,2,1,1146,virtual,Cairo Alex Desert
V_Cairo_Alex_Desert_101,30.133608,30.372434,N/A,2,1,1147,virtual,Cairo Alex Desert
V_Cairo_Alex_Desert_102,30.126768,30.353201,N/A,2,1,1148,virtual,Cairo Alex Desert
V_Cairo_Alex_Desert_103,30.120274,30.333816,N/A,2,1,1149,virtual,Cairo Alex Desert
V_Cairo_Alex_Desert_104,30.116694,30.313474,N/A,2,1,1150,virtual,Cairo Alex Desert
V_Cairo_Alex_Desert_105,30.115472,30.292729,N/A,2,1,1151,virtual,Cairo Alex Desert
V_Cairo_Alex_Desert_106,30.114288,30.271981,N/A,2,1,1152,virtual,Cairo Alex Desert
V_Cairo_Alex_Desert_107,30.113102,30.251234,N/A,2,1,1153,virtual,Cairo Alex Desert
V_Cairo_Alex_Desert_108,30.111923,30.230486,N/A,2,1,1154,virtual,Cairo Alex Desert
V_Cairo_Alex_Desert_109,30.110719,30.20974,N/A,2,1,1155,virtual,Cairo Alex Desert
V_Cairo_Alex_Desert_110,30.109791,30.188987,N/A,2,1,1156,virtual,Cairo Alex Desert
V_Cairo_Alex_Desert_111,30.110161,30.168199,N/A,2,1,1157,virtual,Cairo Alex Desert
V_Cairo_Alex_Desert_112,30.110562,30.147412,N/A,2,1,1158,virtual,Cairo Alex Desert
V_Cairo_Alex_Desert_113,30.110472,30.126631,N/A,2,1,1159,virtual,Cairo Alex Desert
V_Cairo_Alex_Desert_114,30.11054,30.105864,N/A,2,1,1160,virtual,Cairo Alex Desert
V_Cairo_Alex_Desert_115,30.107907,30.085306,N/A,2,1,1161,virtual,Cairo Alex Desert
V_Cairo_Alex_Desert_116,30.106627,30.064568,N/A,2,1,1162,virtual,Cairo Alex Desert
V_Cairo_Alex_Desert_117,30.105594,30.043859,N/A,2,1,1163,virtual,Cairo Alex Desert
V_Cairo_Alex_Desert_118,30.106522,30.070903,N/A,2,1,1164,virtual,Cairo Alex Desert
V_Cairo_Alex_Desert_119,30.077646,30.078512,N/A,2,1,1165,virtual,Cairo Alex Desert
V_Cairo_Alex_Desert_120,30.059661,30.078325,N/A,2,1,1166,virtual,Cairo Alex Desert
V_Cairo_Alex_Desert_121,30.041675,30.078124,N/A,2,1,1167,virtual,Cairo Alex Desert
V_Cairo_Alex_Desert_122,30.023759,30.077887,N/A,2,1,1168,virtual,Cairo Alex Desert
V_Cairo_Alex_Desert_123,30.005774,30.077685,N/A,2,1,1169,virtual,Cairo Alex Desert
V_Cairo_Alex_Desert_124,29.987789,30.07747,N/A,2,1,1170,virtual,Cairo Alex Desert
V_Cairo_Alex_Desert_125,29.969808,30.077156,N/A,2,1,1171,virtual,Cairo Alex Desert
V_Cairo_Alex_Desert_126,29.951839,30.076759,N/A,2,1,1172,virtual,Cairo Alex Desert
V_Cairo_Alex_Desert_127,29.933863,30.077128,N/A,2,1,1173,virtual,Cairo Alex Desert
V_Cairo_Alex_Desert_128,29.957305,30.077009,N/A,2,1,1174,virtual,Cairo Alex Desert
V_Cairo_Alex_Desert_129,29.975283,30.077256,N/A,2,1,1175,virtual,Cairo Alex Desert
V_Cairo_Alex_Desert_130,29.993264,30.077532,N/A,2,1,1176,virtual,Cairo Alex Desert
V_Cairo_Alex_Desert_131,30.011249,30.077764,N/A,2,1,1177,virtual,Cairo Alex Desert
V_Cairo_Alex_Desert_132,30.029166,30.077938,N/A,2,1,1178,virtual,Cairo Alex Desert
V_Cairo_Alex_Desert_133,30.047151,30.078166,N/A,2,1,1179,virtual,Cairo Alex Desert
V_Cairo_Alex_Desert_134,30.065136,30.078382,N/A,2,1,1180,virtual,Cairo Alex Desert
V_Cairo_Alex_Desert_135,30.083122,30.078568,N/A,2,1,1181,virtual,Cairo Alex Desert
V_Cairo_Alex_Desert_136,30.101107,30.078781,N/A,2,1,1182,virtual,Cairo Alex Desert
V_Cairo_Alex_Desert_137,30.105589,30.062794,N/A,2,1,1183,virtual,Cairo Alex Desert
V_Cairo_Alex_Desert_138,30.103889,30.042103,N/A,2,1,1184,virtual,Cairo Alex Desert
V_Cairo_Alex_Desert_139,30.101993,30.021453,N/A,2,1,1185,virtual,Cairo Alex Desert
V_Cairo_Alex_Desert_140,30.105243,29.99917,N/A,2,1,1186,virtual,Cairo Alex Desert
V_Cairo_Alex_Desert_141,30.111617,29.979805,N/A,2,1,1187,virtual,Cairo Alex Desert
V_Cairo_Alex_Desert_142,30.122474,29.963314,N/A,2,1,1188,virtual,Cairo Alex Desert
V_Cairo_Alex_Desert_143,30.134936,29.948319,N/A,2,1,1189,virtual,Cairo Alex Desert
V_Cairo_Alex_Desert_144,30.145842,29.931907,N/A,2,1,1190,virtual,Cairo Alex Desert
V_Cairo_Alex_Desert_145,30.15306,29.912857,N/A,2,1,1191,virtual,Cairo Alex Desert
V_Cairo_Alex_Desert_146,30.160417,29.893939,N/A,2,1,1192,virtual,Cairo Alex Desert
V_Cairo_Alex_Desert_147,30.135977,29.898118,N/A,2,1,1193,virtual,Cairo Alex Desert
V_Cairo_Alex_Desert_148,30.117992,29.897902,N/A,2,1,1194,virtual,Cairo Alex Desert
V_Cairo_Alex_Desert_149,30.100006,29.897686,N/A,2,1,1195,virtual,Cairo Alex Desert
V_Cairo_Alex_Desert_150,30.083547,29.904527,N/A,2,1,1196,virtual,Cairo Alex Desert
V_Cairo_Alex_Desert_151,30.068538,29.898925,N/A,2,1,1197,virtual,Cairo Alex Desert
V_Cairo_Alex_Desert_152,30.051078,29.903919,N/A,2,1,1198,virtual,Cairo Alex Desert
V_Cairo_Alex_Desert_153,30.035717,29.914721,N/A,2,1,1199,virtual,Cairo Alex Desert
V_Cairo_Alex_Desert_154,30.019233,29.921575,N/A,2,1,1200,virtual,Cairo Alex Desert
V_Cairo_Alex_Desert_155,30.003901,29.931466,N/A,2,1,1201,virtual,Cairo Alex Desert
V_Cairo_Alex_Desert_156,29.990601,29.945168,N/A,2,1,1202,virtual,Cairo Alex Desert
V_Cairo_Alex_Desert_157,29.976784,29.957375,N/A,2,1,1203,virtual,Cairo Alex Desert
V_Cairo_Alex_Desert_158,29.9622,29.969053,N/A,2,1,1204,virtual,Cairo Alex Desert
V_Cairo_Alex_Desert_159,29.96674,29.9406,N/A,2,1,1205,virtual,Cairo Alex Desert
V_Cairo_Alex_Desert_160,29.971871,29.920709,N/A,2,1,1206,virtual,Cairo Alex Desert
V_Cairo_Alex_Desert_161,29.977473,29.90098,N/A,2,1,1207,virtual,Cairo Alex Desert
V_Cairo_Alex_Desert_162,29.948446,29.896152,N/A,2,1,1208,virtual,Cairo Alex Desert
V_Cairo_Alex_Desert_163,29.930471,29.896623,N/A,2,1,1209,virtual,Cairo Alex Desert
V_Cairo_Alex_Desert_164,29.912499,29.897304,N/A,2,1,1210,virtual,Cairo Alex Desert
V_Cairo_Alex_Desert_165,29.894525,29.897843,N/A,2,1,1211,virtual,Cairo Alex Desert
V_Cairo_Alex_Desert_166,29.887279,29.88342,N/A,2,1,1212,virtual,Cairo Alex Desert
V_Cairo_Alex_Desert_167,29.893631,29.865437,N/A,2,1,1213,virtual,Cairo Alex Desert
V_Cairo_Alex_Desert_168,29.901379,29.846873,N/A,2,1,1214,virtual,Cairo Alex Desert
V_Cairo_Alex_Desert_169,29.908162,29.827897,N/A,2,1,1215,virtual,Cairo Alex Desert
V_Cairo_Alex_Desert_170,29.916432,29.809474,N/A,2,1,1216,virtual,Cairo Alex Desert
V_Cairo_Alex_Desert_171,29.924538,29.790957,N/A,2,1,1217,virtual,Cairo Alex Desert
V_Cairo_Alex_Agricultural_001,30.08996,31.29004,N/A,2,1,1218,virtual,Cairo Alex Agricultural
V_Cairo_Alex_Agricultural_002,30.094253,31.27221,N/A,2,1,1219,virtual,Cairo Alex Agricultural
V_Cairo_Alex_Agricultural_003,30.0978,31.251937,N/A,2,1,1220,virtual,Cairo Alex Agricultural
V_Cairo_Alex_Agricultural_004,30.112149,31.22257,N/A,2,1,1221,virtual,Cairo Alex Agricultural
V_Cairo_Alex_Agricultural_005,30.107888,31.203478,N/A,2,1,1222,virtual,Cairo Alex Agricultural
V_Cairo_Alex_Agricultural_006,30.101071,31.185129,N/A,2,1,1223,virtual,Cairo Alex Agricultural
V_Cairo_Alex_Agricultural_007,30.109954,31.156719,N/A,2,1,1224,virtual,Cairo Alex Agricultural
V_Cairo_Alex_Agricultural_008,30.087378,31.15852,N/A,2,1,1225,virtual,Cairo Alex Agricultural
V_Cairo_Alex_Agricultural_009,30.070255,31.160788,N/A,2,1,1226,virtual,Cairo Alex Agricultural
V_Cairo_Alex_Agricultural_010,30.067249,31.143684,N/A,2,1,1227,virtual,Cairo Alex Agricultural
V_Cairo_Alex_Agricultural_011,30.064908,31.123155,N/A,2,1,1228,virtual,Cairo Alex Agricultural
V_Cairo_Alex_Agricultural_012,30.063434,31.102443,N/A,2,1,1229,virtual,Cairo Alex Agricultural
V_Cairo_Alex_Agricultural_013,30.059232,31.082465,N/A,2,1,1230,virtual,Cairo Alex Agricultural
V_Cairo_Alex_Agricultural_014,30.051902,31.06349,N/A,2,1,1231,virtual,Cairo Alex Agricultural
V_Cairo_Alex_Agricultural_015,30.051901,31.044827,N/A,2,1,1232,virtual,Cairo Alex Agricultural
V_Cairo_Alex_Agricultural_016,30.061894,31.027581,N/A,2,1,1233,virtual,Cairo Alex Agricultural
V_Cairo_Alex_Agricultural_017,30.072223,31.010585,N/A,2,1,1234,virtual,Cairo Alex Agricultural
V_Cairo_Alex_Agricultural_018,30.082385,30.993435,N/A,2,1,1235,virtual,Cairo Alex Agricultural
V_Cairo_Alex_Agricultural_019,30.092669,30.983098,N/A,2,1,1236,virtual,Cairo Alex Agricultural
V_Cairo_Alex_Agricultural_020,30.10967,30.989875,N/A,2,1,1237,virtual,Cairo Alex Agricultural
V_Cairo_Alex_Agricultural_021,30.120608,31.001276,N/A,2,1,1238,virtual,Cairo Alex Agricultural
V_Cairo_Alex_Agricultural_022,30.105693,30.988272,N/A,2,1,1239,virtual,Cairo Alex Agricultural
V_Cairo_Alex_Agricultural_023,30.088687,30.981508,N/A,2,1,1240,virtual,Cairo Alex Agricultural
V_Cairo_Alex_Agricultural_024,30.087084,30.963131,N/A,2,1,1241,virtual,Cairo Alex Agricultural
V_Cairo_Alex_Agricultural_025,30.07602,30.946772,N/A,2,1,1242,virtual,Cairo Alex Agricultural
V_Cairo_Alex_Agricultural_026,30.075592,30.927316,N/A,2,1,1243,virtual,Cairo Alex Agricultural
V_Cairo_Alex_Agricultural_027,30.080263,30.907244,N/A,2,1,1244,virtual,Cairo Alex Agricultural
V_Cairo_Alex_Agricultural_028,30.084937,30.887172,N/A,2,1,1245,virtual,Cairo Alex Agricultural
V_Cairo_Alex_Agricultural_029,30.094842,30.872711,N/A,2,1,1246,virtual,Cairo Alex Agricultural
V_Cairo_Alex_Agricultural_030,30.112773,30.874263,N/A,2,1,1247,virtual,Cairo Alex Agricultural
V_Cairo_Alex_Agricultural_031,30.130257,30.87283,N/A,2,1,1248,virtual,Cairo Alex Agricultural
V_Cairo_Alex_Agricultural_032,30.141513,30.856627,N/A,2,1,1249,virtual,Cairo Alex Agricultural
V_Cairo_Alex_Agricultural_033,30.152582,30.840232,N/A,2,1,1250,virtual,Cairo Alex Agricultural
V_Cairo_Alex_Agricultural_034,30.163672,30.823855,N/A,2,1,1251,virtual,Cairo Alex Agricultural
V_Cairo_Alex_Agricultural_035,30.174932,30.807655,N/A,2,1,1252,virtual,Cairo Alex Agricultural
V_Cairo_Alex_Agricultural_036,30.164787,30.821727,N/A,2,1,1253,virtual,Cairo Alex Agricultural
V_Cairo_Alex_Agricultural_037,30.153469,30.837854,N/A,2,1,1254,virtual,Cairo Alex Agricultural
V_Cairo_Alex_Agricultural_038,30.142389,30.854217,N/A,2,1,1255,virtual,Cairo Alex Agricultural
V_Cairo_Alex_Agricultural_039,30.132829,30.86898,N/A,2,1,1256,virtual,Cairo Alex Agricultural
V_Cairo_Alex_Agricultural_040,30.116766,30.8737,N/A,2,1,1257,virtual,Cairo Alex Agricultural
V_Cairo_Alex_Agricultural_041,30.141169,30.857125,N/A,2,1,1258,virtual,Cairo Alex Agricultural
V_Cairo_Alex_Agricultural_042,30.152241,30.840734,N/A,2,1,1259,virtual,Cairo Alex Agricultural
V_Cairo_Alex_Agricultural_043,30.163334,30.82436,N/A,2,1,1260,virtual,Cairo Alex Agricultural
V_Cairo_Alex_Agricultural_044,30.174574,30.808136,N/A,2,1,1261,virtual,Cairo Alex Agricultural
V_Cairo_Alex_Agricultural_045,30.175488,30.791576,N/A,2,1,1262,virtual,Cairo Alex Agricultural
V_Cairo_Alex_Agricultural_046,30.161165,30.779004,N/A,2,1,1263,virtual,Cairo Alex Agricultural
V_Cairo_Alex_Agricultural_047,30.149739,30.762946,N/A,2,1,1264,virtual,Cairo Alex Agricultural
V_Cairo_Alex_Agricultural_048,30.141293,30.745028,N/A,2,1,1265,virtual,Cairo Alex Agricultural
V_Cairo_Alex_Agricultural_049,30.136278,30.725056,N/A,2,1,1266,virtual,Cairo Alex Agricultural
V_Cairo_Alex_Agricultural_050,30.134882,30.706867,N/A,2,1,1267,virtual,Cairo Alex Agricultural
V_Cairo_Alex_Agricultural_051,30.129983,30.724849,N/A,2,1,1268,virtual,Cairo Alex Agricultural
V_Cairo_Alex_Agricultural_052,30.118312,30.739474,N/A,2,1,1269,virtual,Cairo Alex Agricultural
V_Cairo_Alex_Agricultural_053,30.109354,30.721448,N/A,2,1,1270,virtual,Cairo Alex Agricultural
V_Cairo_Alex_Agricultural_054,30.108474,30.705186,N/A,2,1,1271,virtual,Cairo Alex Agricultural
V_Cairo_Alex_Agricultural_055,30.122781,30.692794,N/A,2,1,1272,virtual,Cairo Alex Agricultural
V_Cairo_Alex_Agricultural_056,30.135032,30.67757,N/A,2,1,1273,virtual,Cairo Alex Agricultural
V_Cairo_Alex_Agricultural_057,30.147267,30.662326,N/A,2,1,1274,virtual,Cairo Alex Agricultural
V_Cairo_Alex_Agricultural_058,30.159256,30.646832,N/A,2,1,1275,virtual,Cairo Alex Agricultural
V_Cairo_Alex_Agricultural_059,30.166922,30.628163,N/A,2,1,1276,virtual,Cairo Alex Agricultural
V_Cairo_Alex_Agricultural_060,30.168429,30.607483,N/A,2,1,1277,virtual,Cairo Alex Agricultural
V_Cairo_Alex_Agricultural_061,30.168924,30.586686,N/A,2,1,1278,virtual,Cairo Alex Agricultural
V_Cairo_Alex_Agricultural_062,30.169407,30.565889,N/A,2,1,1279,virtual,Cairo Alex Agricultural
V_Cairo_Alex_Agricultural_063,30.16989,30.545092,N/A,2,1,1280,virtual,Cairo Alex Agricultural
V_Cairo_Alex_Agricultural_064,30.170362,30.524295,N/A,2,1,1281,virtual,Cairo Alex Agricultural
V_Cairo_Alex_Agricultural_065,30.170839,30.503497,N/A,2,1,1282,virtual,Cairo Alex Agricultural
V_Cairo_Alex_Agricultural_066,30.169868,30.482757,N/A,2,1,1283,virtual,Cairo Alex Agricultural
V_Cairo_Alex_Agricultural_067,30.165391,30.462643,N/A,2,1,1284,virtual,Cairo Alex Agricultural
V_Cairo_Alex_Agricultural_068,30.158987,30.445143,N/A,2,1,1285,virtual,Cairo Alex Agricultural
V_Cairo_Alex_Agricultural_069,30.16565,30.464463,N/A,2,1,1286,virtual,Cairo Alex Agricultural
V_Cairo_Alex_Agricultural_070,30.169849,30.484657,N/A,2,1,1287,virtual,Cairo Alex Agricultural
V_Cairo_Alex_Agricultural_071,30.17053,30.505418,N/A,2,1,1288,virtual,Cairo Alex Agricultural
V_Cairo_Alex_Agricultural_072,30.169803,30.526157,N/A,2,1,1289,virtual,Cairo Alex Agricultural
V_Cairo_Alex_Agricultural_073,30.153765,30.542222,N/A,2,1,1290,virtual,Cairo Alex Agricultural
V_Cairo_Alex_Agricultural_074,30.136653,30.542997,N/A,2,1,1291,virtual,Cairo Alex Agricultural
V_Cairo_Alex_Agricultural_075,30.161722,30.542363,N/A,2,1,1292,virtual,Cairo Alex Agricultural
V_Cairo_Alex_Agricultural_076,30.168066,30.557102,N/A,2,1,1293,virtual,Cairo Alex Agricultural
V_Cairo_Alex_Agricultural_077,30.16931,30.524722,N/A,2,1,1294,virtual,Cairo Alex Agricultural
V_Cairo_Alex_Agricultural_078,30.169764,30.503924,N/A,2,1,1295,virtual,Cairo Alex Agricultural
V_Cairo_Alex_Agricultural_079,30.168934,30.483176,N/A,2,1,1296,virtual,Cairo Alex Agricultural
V_Cairo_Alex_Agricultural_080,30.164215,30.463173,N/A,2,1,1297,virtual,Cairo Alex Agricultural
V_Cairo_Alex_Agricultural_081,30.155545,30.445493,N/A,2,1,1298,virtual,Cairo Alex Agricultural
V_Cairo_Alex_Agricultural_082,30.149687,30.425957,N/A,2,1,1299,virtual,Cairo Alex Agricultural
V_Cairo_Alex_Agricultural_083,30.144251,30.40623,N/A,2,1,1300,virtual,Cairo Alex Agricultural
V_Cairo_Alex_Agricultural_084,30.13756,30.386927,N/A,2,1,1301,virtual,Cairo Alex Agricultural
V_Cairo_Alex_Agricultural_085,30.130766,30.367671,N/A,2,1,1302,virtual,Cairo Alex Agricultural
V_Cairo_Alex_Agricultural_086,30.139097,30.391883,N/A,2,1,1303,virtual,Cairo Alex Agricultural
V_Cairo_Alex_Agricultural_087,30.118078,30.404549,N/A,2,1,1304,virtual,Cairo Alex Agricultural
V_Cairo_Alex_Agricultural_088,30.117954,30.425342,N/A,2,1,1305,virtual,Cairo Alex Agricultural
V_Cairo_Alex_Agricultural_089,30.12212,30.441279,N/A,2,1,1306,virtual,Cairo Alex Agricultural
V_Cairo_Alex_Agricultural_090,30.1401,30.441553,N/A,2,1,1307,virtual,Cairo Alex Agricultural
V_Cairo_Alex_Agricultural_091,30.157668,30.44214,N/A,2,1,1308,virtual,Cairo Alex Agricultural
V_Cairo_Alex_Agricultural_092,30.146409,30.408751,N/A,2,1,1309,virtual,Cairo Alex Agricultural
V_Cairo_Alex_Agricultural_093,30.139616,30.389493,N/A,2,1,1310,virtual,Cairo Alex Agricultural
V_Cairo_Alex_Agricultural_094,30.132832,30.370232,N/A,2,1,1311,virtual,Cairo Alex Agricultural
V_Cairo_Alex_Agricultural_095,30.125988,30.351,N/A,2,1,1312,virtual,Cairo Alex Agricultural
V_Cairo_Alex_Agricultural_096,30.119689,30.331536,N/A,2,1,1313,virtual,Cairo Alex Agricultural
V_Cairo_Alex_Agricultural_097,30.116581,30.311114,N/A,2,1,1314,virtual,Cairo Alex Agricultural
V_Cairo_Alex_Agricultural_098,30.115558,30.290377,N/A,2,1,1315,virtual,Cairo Alex Agricultural
V_Cairo_Alex_Agricultural_099,30.114389,30.269628,N/A,2,1,1316,virtual,Cairo Alex Agricultural
V_Cairo_Alex_Agricultural_100,30.113593,30.249423,N/A,2,1,1317,virtual,Cairo Alex Agricultural
V_Cairo_Alex_Agricultural_101,30.111142,30.216894,N/A,2,1,1318,virtual,Cairo Alex Agricultural
V_Cairo_Alex_Agricultural_102,30.109914,30.19615,N/A,2,1,1319,virtual,Cairo Alex Agricultural
V_Cairo_Alex_Agricultural_103,30.110033,30.175368,N/A,2,1,1320,virtual,Cairo Alex Agricultural
V_Cairo_Alex_Agricultural_104,30.110431,30.154581,N/A,2,1,1321,virtual,Cairo Alex Agricultural
V_Cairo_Alex_Agricultural_105,30.11076,30.133793,N/A,2,1,1322,virtual,Cairo Alex Agricultural
V_Cairo_Alex_Agricultural_106,30.110839,30.113023,N/A,2,1,1323,virtual,Cairo Alex Agricultural
V_Cairo_Alex_Agricultural_107,30.10873,30.092408,N/A,2,1,1324,virtual,Cairo Alex Agricultural
V_Cairo_Alex_Agricultural_108,30.107083,30.071718,N/A,2,1,1325,virtual,Cairo Alex Agricultural
V_Cairo_Alex_Agricultural_109,30.10605,30.05101,N/A,2,1,1326,virtual,Cairo Alex Agricultural
V_Cairo_Alex_Agricultural_110,30.101834,30.078792,N/A,2,1,1327,virtual,Cairo Alex Agricultural
V_Cairo_Alex_Agricultural_111,30.100144,30.097694,N/A,2,1,1328,virtual,Cairo Alex Agricultural
V_Cairo_Suez_001,30.09973,31.48007,N/A,2,1,1329,virtual,Cairo Suez
V_Cairo_Suez_002,30.114003,31.481469,N/A,2,1,1330,virtual,Cairo Suez
V_Cairo_Suez_003,30.117204,31.511627,N/A,2,1,1331,virtual,Cairo Suez
V_Cairo_Suez_004,30.119108,31.532065,N/A,2,1,1332,virtual,Cairo Suez
V_Cairo_Suez_005,30.122738,31.55242,N/A,2,1,1333,virtual,Cairo Suez
V_Cairo_Suez_006,30.126025,31.572844,N/A,2,1,1334,virtual,Cairo Suez
V_Cairo_Suez_007,30.101159,31.586307,N/A,2,1,1335,virtual,Cairo Suez
V_Cairo_Suez_008,30.110652,31.619017,N/A,2,1,1336,virtual,Cairo Suez
V_Cairo_Suez_009,30.115992,31.638604,N/A,2,1,1337,virtual,Cairo Suez
V_Cairo_Suez_010,30.114407,31.658619,N/A,2,1,1338,virtual,Cairo Suez
V_Cairo_Suez_011,30.109672,31.678012,N/A,2,1,1339,virtual,Cairo Suez
V_Cairo_Suez_012,30.110097,31.698792,N/A,2,1,1340,virtual,Cairo Suez
V_Cairo_Suez_013,30.108528,31.719358,N/A,2,1,1341,virtual,Cairo Suez
V_Cairo_Suez_014,30.104911,31.739704,N/A,2,1,1342,virtual,Cairo Suez
V_Cairo_Suez_015,30.103004,31.760371,N/A,2,1,1343,virtual,Cairo Suez
V_Cairo_Suez_016,30.101277,31.781034,N/A,2,1,1344,virtual,Cairo Suez
V_Cairo_Suez_017,30.099233,31.801689,N/A,2,1,1345,virtual,Cairo Suez
V_Cairo_Suez_018,30.097204,31.822345,N/A,2,1,1346,virtual,Cairo Suez
V_Cairo_Suez_019,30.095573,31.843044,N/A,2,1,1347,virtual,Cairo Suez
V_Cairo_Suez_020,30.092401,31.863474,N/A,2,1,1348,virtual,Cairo Suez
V_Cairo_Suez_021,30.088917,31.883867,N/A,2,1,1349,virtual,Cairo Suez
V_Cairo_Suez_022,30.094087,31.854541,N/A,2,1,1350,virtual,Cairo Suez
V_Cairo_Suez_023,30.096342,31.833966,N/A,2,1,1351,virtual,Cairo Suez
V_Cairo_Suez_024,30.098651,31.81338,N/A,2,1,1352,virtual,Cairo Suez
V_Cairo_Suez_025,30.096387,31.831248,N/A,2,1,1353,virtual,Cairo Suez
V_Cairo_Suez_026,30.094432,31.851889,N/A,2,1,1354,virtual,Cairo Suez
V_Cairo_Suez_027,30.090878,31.872251,N/A,2,1,1355,virtual,Cairo Suez
V_Cairo_Suez_028,30.088259,31.892778,N/A,2,1,1356,virtual,Cairo Suez
V_Cairo_Suez_029,30.087319,31.913536,N/A,2,1,1357,virtual,Cairo Suez
V_Cairo_Suez_030,30.086387,31.934295,N/A,2,1,1358,virtual,Cairo Suez
V_Cairo_Suez_031,30.086905,31.954943,N/A,2,1,1359,virtual,Cairo Suez
V_Cairo_Suez_032,30.082778,31.97462,N/A,2,1,1360,virtual,Cairo Suez
V_Cairo_Suez_033,30.079691,31.993698,N/A,2,1,1361,virtual,Cairo Suez
V_Cairo_Suez_034,30.067114,32.004182,N/A,2,1,1362,virtual,Cairo Suez
V_Cairo_Suez_035,30.049403,32.007357,N/A,2,1,1363,virtual,Cairo Suez
V_Cairo_Suez_036,30.03178,32.010917,N/A,2,1,1364,virtual,Cairo Suez
V_Cairo_Suez_037,30.013795,32.011092,N/A,2,1,1365,virtual,Cairo Suez
V_Cairo_Suez_038,29.99581,32.011277,N/A,2,1,1366,virtual,Cairo Suez
V_Cairo_Suez_039,29.979563,32.015492,N/A,2,1,1367,virtual,Cairo Suez
V_Cairo_Suez_040,29.978907,32.035691,N/A,2,1,1368,virtual,Cairo Suez
V_Cairo_Suez_041,29.978638,32.055991,N/A,2,1,1369,virtual,Cairo Suez
V_Cairo_Suez_042,29.98121,32.076189,N/A,2,1,1370,virtual,Cairo Suez
V_Cairo_Suez_043,29.982632,32.094192,N/A,2,1,1371,virtual,Cairo Suez
V_Cairo_Suez_044,29.99836,32.096823,N/A,2,1,1372,virtual,Cairo Suez
V_Cairo_Suez_045,30.015914,32.092899,N/A,2,1,1373,virtual,Cairo Suez
V_Cairo_Suez_046,30.033815,32.093958,N/A,2,1,1374,virtual,Cairo Suez
V_Cairo_Suez_047,30.051774,32.093714,N/A,2,1,1375,virtual,Cairo Suez
V_Cairo_Suez_048,30.06328,32.115799,N/A,2,1,1376,virtual,Cairo Suez
V_Cairo_Suez_049,30.06264,32.136559,N/A,2,1,1377,virtual,Cairo Suez
V_Cairo_Suez_050,30.063096,32.157334,N/A,2,1,1378,virtual,Cairo Suez
V_Cairo_Suez_051,30.06428,32.178042,N/A,2,1,1379,virtual,Cairo Suez
V_Cairo_Suez_052,30.063118,32.142457,N/A,2,1,1380,virtual,Cairo Suez
V_Cairo_Suez_053,30.063801,32.121715,N/A,2,1,1381,virtual,Cairo Suez
V_Cairo_Suez_054,30.064735,32.100967,N/A,2,1,1382,virtual,Cairo Suez
V_Cairo_Suez_055,30.063188,32.11766,N/A,2,1,1383,virtual,Cairo Suez
V_Cairo_Suez_056,30.062658,32.138423,N/A,2,1,1384,virtual,Cairo Suez
V_Cairo_Suez_057,30.06315,32.159196,N/A,2,1,1385,virtual,Cairo Suez
V_Cairo_Suez_058,30.065447,32.179728,N/A,2,1,1386,virtual,Cairo Suez
V_Cairo_Suez_059,30.071424,32.19921,N/A,2,1,1387,virtual,Cairo Suez
V_Cairo_Suez_060,30.082979,32.21487,N/A,2,1,1388,virtual,Cairo Suez
V_Cairo_Suez_061,30.085696,32.235065,N/A,2,1,1389,virtual,Cairo Suez
V_Cairo_Suez_062,30.054936,32.240866,N/A,2,1,1390,virtual,Cairo Suez
V_Cairo_Ismailia_001,30.06963,31.49,N/A,2,1,1391,virtual,Cairo Ismailia
V_Cairo_Ismailia_002,30.087176,31.506537,N/A,2,1,1392,virtual,Cairo Ismailia
V_Cairo_Ismailia_003,30.085974,31.525721,N/A,2,1,1393,virtual,Cairo Ismailia
V_Cairo_Ismailia_004,30.087537,31.545748,N/A,2,1,1394,virtual,Cairo Ismailia
V_Cairo_Ismailia_005,30.094723,31.564758,N/A,2,1,1395,virtual,Cairo Ismailia
V_Cairo_Ismailia_006,30.10208,31.583307,N/A,2,1,1396,virtual,Cairo Ismailia
V_Cairo_Ismailia_007,30.10542,31.603731,N/A,2,1,1397,virtual,Cairo Ismailia
V_Cairo_Ismailia_008,30.094922,31.618772,N/A,2,1,1398,virtual,Cairo Ismailia
V_Cairo_Ismailia_009,30.110745,31.62049,N/A,2,1,1399,virtual,Cairo Ismailia
V_Cairo_Ismailia_010,30.116048,31.640104,N/A,2,1,1400,virtual,Cairo Ismailia
V_Cairo_Ismailia_011,30.114043,31.660005,N/A,2,1,1401,virtual,Cairo Ismailia
V_Cairo_Ismailia_012,30.109905,31.679473,N/A,2,1,1402,virtual,Cairo Ismailia
V_Cairo_Ismailia_013,30.110358,31.700259,N/A,2,1,1403,virtual,Cairo Ismailia
V_Cairo_Ismailia_014,30.10853,31.720807,N/A,2,1,1404,virtual,Cairo Ismailia
V_Cairo_Ismailia_015,30.104837,31.741091,N/A,2,1,1405,virtual,Cairo Ismailia
V_Cairo_Ismailia_016,30.102916,31.761757,N/A,2,1,1406,virtual,Cairo Ismailia
V_Cairo_Ismailia_017,30.101136,31.782414,N/A,2,1,1407,virtual,Cairo Ismailia
V_Cairo_Ismailia_018,30.099099,31.80307,N/A,2,1,1408,virtual,Cairo Ismailia
V_Cairo_Ismailia_019,30.097064,31.823725,N/A,2,1,1409,virtual,Cairo Ismailia
V_Cairo_Ismailia_020,30.095455,31.844427,N/A,2,1,1410,virtual,Cairo Ismailia
V_Cairo_Ismailia_021,30.092167,31.864837,N/A,2,1,1411,virtual,Cairo Ismailia
V_Cairo_Ismailia_022,30.088725,31.885239,N/A,2,1,1412,virtual,Cairo Ismailia
V_Cairo_Ismailia_023,30.113361,31.887817,N/A,2,1,1413,virtual,Cairo Ismailia
V_Cairo_Ismailia_024,30.089341,31.884537,N/A,2,1,1414,virtual,Cairo Ismailia
V_Cairo_Ismailia_025,30.09283,31.864144,N/A,2,1,1415,virtual,Cairo Ismailia
V_Cairo_Ismailia_026,30.097144,31.849135,N/A,2,1,1416,virtual,Cairo Ismailia
V_Cairo_Ismailia_027,30.089994,31.877385,N/A,2,1,1417,virtual,Cairo Ismailia
V_Cairo_Ismailia_028,30.088079,31.898008,N/A,2,1,1418,virtual,Cairo Ismailia
V_Cairo_Ismailia_029,30.087078,31.918763,N/A,2,1,1419,virtual,Cairo Ismailia
V_Cairo_Ismailia_030,30.08617,31.939523,N/A,2,1,1420,virtual,Cairo Ismailia
V_Cairo_Ismailia_031,30.086851,31.960167,N/A,2,1,1421,virtual,Cairo Ismailia
V_Cairo_Ismailia_032,30.083766,31.980638,N/A,2,1,1422,virtual,Cairo Ismailia
V_Cairo_Ismailia_033,30.081176,32.0012,N/A,2,1,1423,virtual,Cairo Ismailia
V_Cairo_Ismailia_034,30.078376,32.021726,N/A,2,1,1424,virtual,Cairo Ismailia
V_Cairo_Ismailia_035,30.076206,32.042359,N/A,2,1,1425,virtual,Cairo Ismailia
V_Cairo_Ismailia_036,30.071527,32.062397,N/A,2,1,1426,virtual,Cairo Ismailia
V_Cairo_Ismailia_037,30.066056,32.082166,N/A,2,1,1427,virtual,Cairo Ismailia
V_Cairo_Ismailia_038,30.071504,32.064608,N/A,2,1,1428,virtual,Cairo Ismailia
V_Cairo_Ismailia_039,30.076446,32.044642,N/A,2,1,1429,virtual,Cairo Ismailia
V_Cairo_Ismailia_040,30.078657,32.024031,N/A,2,1,1430,virtual,Cairo Ismailia
V_Cairo_Ismailia_041,30.081124,32.003477,N/A,2,1,1431,virtual,Cairo Ismailia
V_Cairo_Ismailia_042,30.083824,31.982964,N/A,2,1,1432,virtual,Cairo Ismailia
V_Cairo_Ismailia_043,30.087142,31.962555,N/A,2,1,1433,virtual,Cairo Ismailia
V_Cairo_Ismailia_044,30.083535,31.980204,N/A,2,1,1434,virtual,Cairo Ismailia
V_Cairo_Ismailia_045,30.081216,32.000801,N/A,2,1,1435,virtual,Cairo Ismailia
V_Cairo_Ismailia_046,30.078421,32.021328,N/A,2,1,1436,virtual,Cairo Ismailia
V_Cairo_Ismailia_047,30.076254,32.041961,N/A,2,1,1437,virtual,Cairo Ismailia
V_Cairo_Ismailia_048,30.071632,32.062014,N/A,2,1,1438,virtual,Cairo Ismailia
V_Cairo_Ismailia_049,30.066403,32.081891,N/A,2,1,1439,virtual,Cairo Ismailia
V_Cairo_Ismailia_050,30.064182,32.102477,N/A,2,1,1440,virtual,Cairo Ismailia
V_Cairo_Ismailia_051,30.063134,32.123223,N/A,2,1,1441,virtual,Cairo Ismailia
V_Cairo_Ismailia_052,30.062967,32.143992,N/A,2,1,1442,virtual,Cairo Ismailia
V_Cairo_Ismailia_053,30.063528,32.164763,N/A,2,1,1443,virtual,Cairo Ismailia
V_Cairo_Ismailia_054,30.066972,32.185079,N/A,2,1,1444,virtual,Cairo Ismailia
V_Cairo_Ismailia_055,30.074427,32.203737,N/A,2,1,1445,virtual,Cairo Ismailia
V_Cairo_Ismailia_056,30.0846,32.220152,N/A,2,1,1446,virtual,Cairo Ismailia
V_Cairo_Ismailia_057,30.087592,32.240583,N/A,2,1,1447,virtual,Cairo Ismailia
V_Cairo_Ismailia_058,30.091236,32.26086,N/A,2,1,1448,virtual,Cairo Ismailia
V_Cairo_Ismailia_059,30.093537,32.281475,N/A,2,1,1449,virtual,Cairo Ismailia
V_Cairo_Ismailia_060,30.092363,32.302111,N/A,2,1,1450,virtual,Cairo Ismailia
V_Cairo_Ismailia_061,30.086944,32.32177,N/A,2,1,1451,virtual,Cairo Ismailia
V_Cairo_Ismailia_062,30.083215,32.339109,N/A,2,1,1452,virtual,Cairo Ismailia
V_Cairo_Ismailia_063,30.091522,32.306077,N/A,2,1,1453,virtual,Cairo Ismailia
V_Cairo_Ismailia_064,30.094321,32.285743,N/A,2,1,1454,virtual,Cairo Ismailia
V_Cairo_Ismailia_065,30.092256,32.265098,N/A,2,1,1455,virtual,Cairo Ismailia
V_Cairo_Ismailia_066,30.089007,32.244694,N/A,2,1,1456,virtual,Cairo Ismailia
V_Cairo_Ismailia_067,30.085951,32.224408,N/A,2,1,1457,virtual,Cairo Ismailia
V_Cairo_Ismailia_068,30.0887,32.207323,N/A,2,1,1458,virtual,Cairo Ismailia
V_Cairo_Ismailia_069,30.102947,32.19466,N/A,2,1,1459,virtual,Cairo Ismailia
V_Cairo_Ismailia_070,30.120738,32.19548,N/A,2,1,1460,virtual,Cairo Ismailia
V_Cairo_Ismailia_071,30.138626,32.197628,N/A,2,1,1461,virtual,Cairo Ismailia
V_Cairo_Ismailia_072,30.156494,32.197867,N/A,2,1,1462,virtual,Cairo Ismailia
V_Cairo_Ismailia_073,30.169728,32.205759,N/A,2,1,1463,virtual,Cairo Ismailia
V_Cairo_Ismailia_074,30.165764,32.23442,N/A,2,1,1464,virtual,Cairo Ismailia
V_Cairo_Ismailia_075,30.171801,32.218316,N/A,2,1,1465,virtual,Cairo Ismailia
V_Cairo_Ismailia_076,30.18417,32.203417,N/A,2,1,1466,virtual,Cairo Ismailia
V_Cairo_Ismailia_077,30.186244,32.183003,N/A,2,1,1467,virtual,Cairo Ismailia
V_Cairo_Ismailia_078,30.186078,32.162197,N/A,2,1,1468,virtual,Cairo Ismailia
V_Cairo_Ismailia_079,30.186361,32.141392,N/A,2,1,1469,virtual,Cairo Ismailia
V_Cairo_Ismailia_080,30.186537,32.120586,N/A,2,1,1470,virtual,Cairo Ismailia
V_Cairo_Ismailia_081,30.174694,32.103111,N/A,2,1,1471,virtual,Cairo Ismailia
V_Cairo_Ismailia_082,30.158804,32.093381,N/A,2,1,1472,virtual,Cairo Ismailia
V_Cairo_Ismailia_083,30.141646,32.087638,N/A,2,1,1473,virtual,Cairo Ismailia
V_Cairo_Ismailia_084,30.123759,32.089177,N/A,2,1,1474,virtual,Cairo Ismailia
V_Cairo_Ismailia_085,30.105934,32.09195,N/A,2,1,1475,virtual,Cairo Ismailia
V_Cairo_Ismailia_086,30.088116,32.094787,N/A,2,1,1476,virtual,Cairo Ismailia
V_Cairo_Ismailia_087,30.070259,32.09714,N/A,2,1,1477,virtual,Cairo Ismailia
V_Cairo_Ismailia_088,30.063169,32.122495,N/A,2,1,1478,virtual,Cairo Ismailia
V_Cairo_Ismailia_089,30.062955,32.143262,N/A,2,1,1479,virtual,Cairo Ismailia
V_Cairo_Ismailia_090,30.063504,32.164035,N/A,2,1,1480,virtual,Cairo Ismailia
V_Cairo_Ismailia_091,30.066797,32.184379,N/A,2,1,1481,virtual,Cairo Ismailia
V_Cairo_Ismailia_092,30.074053,32.20315,N/A,2,1,1482,virtual,Cairo Ismailia
V_Cairo_Ismailia_093,30.084472,32.219438,N/A,2,1,1483,virtual,Cairo Ismailia
V_Cairo_Ismailia_094,30.087423,32.23988,N/A,2,1,1484,virtual,Cairo Ismailia
V_Cairo_Ismailia_095,30.091156,32.260137,N/A,2,1,1485,virtual,Cairo Ismailia
V_Cairo_Ismailia_096,30.093458,32.280752,N/A,2,1,1486,virtual,Cairo Ismailia
V_Cairo_Fayoum_001,30.01002,31.2101,N/A,2,1,1487,virtual,Cairo Fayoum
V_Cairo_Fayoum_002,29.995585,31.208971,N/A,2,1,1488,virtual,Cairo Fayoum
V_Cairo_Fayoum_003,29.98395,31.179914,N/A,2,1,1489,virtual,Cairo Fayoum
V_Cairo_Fayoum_004,29.968956,31.168658,N/A,2,1,1490,virtual,Cairo Fayoum
V_Cairo_Fayoum_005,29.955532,31.155534,N/A,2,1,1491,virtual,Cairo Fayoum
V_Cairo_Fayoum_006,29.94599,31.138921,N/A,2,1,1492,virtual,Cairo Fayoum
V_Cairo_Fayoum_007,29.943909,31.120103,N/A,2,1,1493,virtual,Cairo Fayoum
V_Cairo_Fayoum_008,29.946792,31.100409,N/A,2,1,1494,virtual,Cairo Fayoum
V_Cairo_Fayoum_009,29.916622,31.092115,N/A,2,1,1495,virtual,Cairo Fayoum
V_Cairo_Fayoum_010,29.899648,31.085251,N/A,2,1,1496,virtual,Cairo Fayoum
V_Cairo_Fayoum_011,29.882671,31.078397,N/A,2,1,1497,virtual,Cairo Fayoum
V_Cairo_Fayoum_012,29.868068,31.069293,N/A,2,1,1498,virtual,Cairo Fayoum
V_Cairo_Fayoum_013,29.872369,31.049626,N/A,2,1,1499,virtual,Cairo Fayoum
V_Cairo_Fayoum_014,29.890884,31.052579,N/A,2,1,1500,virtual,Cairo Fayoum
V_Cairo_Fayoum_015,29.87894,31.067774,N/A,2,1,1501,virtual,Cairo Fayoum
V_Cairo_Fayoum_016,29.864879,31.070275,N/A,2,1,1502,virtual,Cairo Fayoum
V_Cairo_Fayoum_017,29.849168,31.060186,N/A,2,1,1503,virtual,Cairo Fayoum
V_Cairo_Fayoum_018,29.833476,31.050061,N/A,2,1,1504,virtual,Cairo Fayoum
V_Cairo_Fayoum_019,29.81812,31.039271,N/A,2,1,1505,virtual,Cairo Fayoum
V_Cairo_Fayoum_020,29.802995,31.028078,N/A,2,1,1506,virtual,Cairo Fayoum
V_Cairo_Fayoum_021,29.787503,31.017713,N/A,2,1,1507,virtual,Cairo Fayoum
V_Cairo_Fayoum_022,29.772655,31.007999,N/A,2,1,1508,virtual,Cairo Fayoum
V_Cairo_Fayoum_023,29.776116,30.991003,N/A,2,1,1509,virtual,Cairo Fayoum
V_Cairo_Fayoum_024,29.78693,30.974449,N/A,2,1,1510,virtual,Cairo Fayoum
V_Cairo_Fayoum_025,29.799048,30.96647,N/A,2,1,1511,virtual,Cairo Fayoum
V_Cairo_Fayoum_026,29.813679,30.978515,N/A,2,1,1512,virtual,Cairo Fayoum
V_Cairo_Fayoum_027,29.828512,30.990227,N/A,2,1,1513,virtual,Cairo Fayoum
V_Cairo_Fayoum_028,29.843271,31.002078,N/A,2,1,1514,virtual,Cairo Fayoum
V_Cairo_Fayoum_029,29.831043,30.97525,N/A,2,1,1515,virtual,Cairo Fayoum
V_Cairo_Fayoum_030,29.844232,30.991804,N/A,2,1,1516,virtual,Cairo Fayoum
V_Cairo_Fayoum_031,29.824376,30.987062,N/A,2,1,1517,virtual,Cairo Fayoum
V_Cairo_Fayoum_032,29.809728,30.975053,N/A,2,1,1518,virtual,Cairo Fayoum
V_Cairo_Fayoum_033,29.794934,30.963269,N/A,2,1,1519,virtual,Cairo Fayoum
V_Cairo_Fayoum_034,29.783951,30.979025,N/A,2,1,1520,virtual,Cairo Fayoum
V_Cairo_Fayoum_035,29.773475,30.995838,N/A,2,1,1521,virtual,Cairo Fayoum
V_Cairo_Fayoum_036,29.752054,30.998829,N/A,2,1,1522,virtual,Cairo Fayoum
V_Cairo_Fayoum_037,29.78026,31.01399,N/A,2,1,1523,virtual,Cairo Fayoum
V_Cairo_Fayoum_038,29.79616,31.023663,N/A,2,1,1524,virtual,Cairo Fayoum
V_Cairo_Fayoum_039,29.81123,31.034975,N/A,2,1,1525,virtual,Cairo Fayoum
V_Cairo_Fayoum_040,29.826587,31.045754,N/A,2,1,1526,virtual,Cairo Fayoum
V_Cairo_Fayoum_041,29.841734,31.056803,N/A,2,1,1527,virtual,Cairo Fayoum
V_Cairo_Fayoum_042,29.857742,31.066225,N/A,2,1,1528,virtual,Cairo Fayoum
V_Cairo_Fayoum_043,29.871901,31.050242,N/A,2,1,1529,virtual,Cairo Fayoum
V_Cairo_Fayoum_044,29.88052,31.032037,N/A,2,1,1530,virtual,Cairo Fayoum
V_Cairo_Fayoum_045,29.889258,31.013917,N/A,2,1,1531,virtual,Cairo Fayoum
V_Cairo_Fayoum_046,29.882421,30.983491,N/A,2,1,1532,virtual,Cairo Fayoum
V_Cairo_Fayoum_047,29.87265,30.966077,N/A,2,1,1533,virtual,Cairo Fayoum
V_Cairo_Fayoum_048,29.86289,30.948656,N/A,2,1,1534,virtual,Cairo Fayoum
V_Cairo_Fayoum_049,29.853131,30.931237,N/A,2,1,1535,virtual,Cairo Fayoum
V_Cairo_Fayoum_050,29.84335,30.913834,N/A,2,1,1536,virtual,Cairo Fayoum
V_Cairo_Fayoum_051,29.838282,30.895361,N/A,2,1,1537,virtual,Cairo Fayoum
V_Cairo_Fayoum_052,29.852387,30.882583,N/A,2,1,1538,virtual,Cairo Fayoum
V_Cairo_Fayoum_053,29.866386,30.870179,N/A,2,1,1539,virtual,Cairo Fayoum
V_Cairo_Fayoum_054,29.837212,30.871313,N/A,2,1,1540,virtual,Cairo Fayoum
V_Cairo_Fayoum_055,29.819828,30.867188,N/A,2,1,1541,virtual,Cairo Fayoum
V_Cairo_Fayoum_056,29.802027,30.865288,N/A,2,1,1542,virtual,Cairo Fayoum
V_Cairo_Fayoum_057,29.784071,30.864223,N/A,2,1,1543,virtual,Cairo Fayoum
V_Cairo_Fayoum_058,29.767221,30.867626,N/A,2,1,1544,virtual,Cairo Fayoum
V_Cairo_Fayoum_059,29.750846,30.871793,N/A,2,1,1545,virtual,Cairo Fayoum
V_Cairo_Fayoum_060,29.74281,30.855776,N/A,2,1,1546,virtual,Cairo Fayoum
V_Cairo_Fayoum_061,29.765986,30.840627,N/A,2,1,1547,virtual,Cairo Fayoum
V_Cairo_Fayoum_062,29.773988,30.85584,N/A,2,1,1548,virtual,Cairo Fayoum
V_Cairo_Fayoum_063,29.789288,30.864664,N/A,2,1,1549,virtual,Cairo Fayoum
V_Cairo_Fayoum_064,29.807254,30.86546,N/A,2,1,1550,virtual,Cairo Fayoum
V_Cairo_Fayoum_065,29.824847,30.868902,N/A,2,1,1551,virtual,Cairo Fayoum
V_Cairo_Fayoum_066,29.842418,30.870728,N/A,2,1,1552,virtual,Cairo Fayoum
V_Cairo_Fayoum_067,29.858264,30.864186,N/A,2,1,1553,virtual,Cairo Fayoum
V_Cairo_Fayoum_068,29.844071,30.889392,N/A,2,1,1554,virtual,Cairo Fayoum
V_Cairo_Fayoum_069,29.838743,30.906086,N/A,2,1,1555,virtual,Cairo Fayoum
V_Cairo_Fayoum_070,29.848493,30.923511,N/A,2,1,1556,virtual,Cairo Fayoum
V_Cairo_Fayoum_071,29.858263,30.940922,N/A,2,1,1557,virtual,Cairo Fayoum
V_Cairo_Fayoum_072,29.868024,30.958339,N/A,2,1,1558,virtual,Cairo Fayoum
V_Cairo_Fayoum_073,29.877755,30.975782,N/A,2,1,1559,virtual,Cairo Fayoum
V_Cairo_Fayoum_074,29.887509,30.993209,N/A,2,1,1560,virtual,Cairo Fayoum
V_Cairo_Fayoum_075,29.88945,31.012101,N/A,2,1,1561,virtual,Cairo Fayoum
V_Cairo_Fayoum_076,29.881,31.030393,N/A,2,1,1562,virtual,Cairo Fayoum
V_Cairo_Fayoum_077,29.87239,31.048605,N/A,2,1,1563,virtual,Cairo Fayoum
V_Cairo_Fayoum_078,29.867544,31.068133,N/A,2,1,1564,virtual,Cairo Fayoum
V_Cairo_Fayoum_079,29.851826,31.061941,N/A,2,1,1565,virtual,Cairo Fayoum
V_Cairo_Fayoum_080,29.836147,31.05179,N/A,2,1,1566,virtual,Cairo Fayoum
V_Cairo_Fayoum_081,29.820724,31.041133,N/A,2,1,1567,virtual,Cairo Fayoum
V_Cairo_Fayoum_082,29.80545,31.030185,N/A,2,1,1568,virtual,Cairo Fayoum
V_Cairo_Fayoum_083,29.790256,31.019261,N/A,2,1,1569,virtual,Cairo Fayoum
V_Cairo_Fayoum_084,29.774149,31.010042,N/A,2,1,1570,virtual,Cairo Fayoum
V_Cairo_Fayoum_085,29.757855,31.001308,N/A,2,1,1571,virtual,Cairo Fayoum
V_Cairo_Fayoum_086,29.740738,30.995116,N/A,2,1,1572,virtual,Cairo Fayoum
V_Cairo_Fayoum_087,29.723137,30.990866,N/A,2,1,1573,virtual,Cairo Fayoum
V_Cairo_Fayoum_088,29.706073,30.984381,N/A,2,1,1574,virtual,Cairo Fayoum
V_Cairo_Fayoum_089,29.68912,30.977477,N/A,2,1,1575,virtual,Cairo Fayoum
V_Cairo_Fayoum_090,29.671788,30.972054,N/A,2,1,1576,virtual,Cairo Fayoum
V_Cairo_Fayoum_091,29.654238,30.967534,N/A,2,1,1577,virtual,Cairo Fayoum
V_Cairo_Fayoum_092,29.638094,30.962145,N/A,2,1,1578,virtual,Cairo Fayoum
V_Cairo_Fayoum_093,29.640003,30.941569,N/A,2,1,1579,virtual,Cairo Fayoum
V_Cairo_Fayoum_094,29.63865,30.921371,N/A,2,1,1580,virtual,Cairo Fayoum
V_Cairo_Fayoum_095,29.62759,30.905084,N/A,2,1,1581,virtual,Cairo Fayoum
V_Cairo_Fayoum_096,29.616157,30.889136,N/A,2,1,1582,virtual,Cairo Fayoum
V_Cairo_Fayoum_097,29.609569,30.870264,N/A,2,1,1583,virtual,Cairo Fayoum
V_Cairo_Fayoum_098,29.605876,30.850017,N/A,2,1,1584,virtual,Cairo Fayoum
V_Cairo_Fayoum_099,29.602217,30.829763,N/A,2,1,1585,virtual,Cairo Fayoum
V_Cairo_Fayoum_100,29.619948,30.831619,N/A,2,1,1586,virtual,Cairo Fayoum
V_Cairo_Fayoum_101,29.634194,30.844239,N/A,2,1,1587,virtual,Cairo Fayoum
V_Cairo_Fayoum_102,29.64836,30.856971,N/A,2,1,1588,virtual,Cairo Fayoum
V_Cairo_Fayoum_103,29.66317,30.868692,N/A,2,1,1589,virtual,Cairo Fayoum
V_Cairo_Fayoum_104,29.675964,30.856901,N/A,2,1,1590,virtual,Cairo Fayoum
V_Cairo_Fayoum_105,29.68202,30.838231,N/A,2,1,1591,virtual,Cairo Fayoum
V_Cairo_Fayoum_106,29.689063,30.821036,N/A,2,1,1592,virtual,Cairo Fayoum
V_Cairo_Fayoum_107,29.678487,30.854071,N/A,2,1,1593,virtual,Cairo Fayoum
V_Cairo_Fayoum_108,29.665845,30.86849,N/A,2,1,1594,virtual,Cairo Fayoum
V_Cairo_Fayoum_109,29.651244,30.859323,N/A,2,1,1595,virtual,Cairo Fayoum
V_Cairo_Fayoum_110,29.63694,30.846797,N/A,2,1,1596,virtual,Cairo Fayoum
V_Cairo_Fayoum_111,29.62281,30.834008,N/A,2,1,1597,virtual,Cairo Fayoum
V_Cairo_Fayoum_112,29.608071,30.822165,N/A,2,1,1598,virtual,Cairo Fayoum
V_Cairo_Fayoum_113,29.592585,30.811657,N/A,2,1,1599,virtual,Cairo Fayoum
V_Cairo_Fayoum_114,29.578182,30.799708,N/A,2,1,1600,virtual,Cairo Fayoum
V_Cairo_Fayoum_115,29.578244,30.769945,N/A,2,1,1601,virtual,Cairo Fayoum
V_Cairo_Fayoum_116,29.585877,30.751218,N/A,2,1,1602,virtual,Cairo Fayoum
V_Cairo_Fayoum_117,29.593517,30.732493,N/A,2,1,1603,virtual,Cairo Fayoum
V_Cairo_Fayoum_118,29.60428,30.716082,N/A,2,1,1604,virtual,Cairo Fayoum
V_Cairo_Fayoum_119,29.619741,30.70578,N/A,2,1,1605,virtual,Cairo Fayoum
V_Cairo_Fayoum_120,29.636931,30.699783,N/A,2,1,1606,virtual,Cairo Fayoum
V_Cairo_Asyut_Western_001,29.92989,30.88007,N/A,2,1,1607,virtual,Cairo Asyut Western
V_Cairo_Asyut_Western_002,29.904798,30.89819,N/A,2,1,1608,virtual,Cairo Asyut Western
V_Cairo_Asyut_Western_003,29.885115,30.874563,N/A,2,1,1609,virtual,Cairo Asyut Western
V_Cairo_Asyut_Western_004,29.876591,30.856307,N/A,2,1,1610,virtual,Cairo Asyut Western
V_Cairo_Asyut_Western_005,29.867833,30.838191,N/A,2,1,1611,virtual,Cairo Asyut Western
V_Cairo_Asyut_Western_006,29.858875,30.820207,N/A,2,1,1612,virtual,Cairo Asyut Western
V_Cairo_Asyut_Western_007,29.855084,30.800343,N/A,2,1,1613,virtual,Cairo Asyut Western
V_Cairo_Asyut_Western_008,29.854026,30.780314,N/A,2,1,1614,virtual,Cairo Asyut Western
V_Cairo_Asyut_Western_009,29.850291,30.760029,N/A,2,1,1615,virtual,Cairo Asyut Western
V_Cairo_Asyut_Western_010,29.846592,30.739735,N/A,2,1,1616,virtual,Cairo Asyut Western
V_Cairo_Asyut_Western_011,29.856637,30.726671,N/A,2,1,1617,virtual,Cairo Asyut Western
V_Cairo_Asyut_Western_012,29.872407,30.716696,N/A,2,1,1618,virtual,Cairo Asyut Western
V_Cairo_Asyut_Western_013,29.887081,30.709488,N/A,2,1,1619,virtual,Cairo Asyut Western
V_Cairo_Asyut_Western_014,29.889228,30.72994,N/A,2,1,1620,virtual,Cairo Asyut Western
V_Cairo_Asyut_Western_015,29.889165,30.750686,N/A,2,1,1621,virtual,Cairo Asyut Western
V_Cairo_Asyut_Western_016,29.883251,30.767432,N/A,2,1,1622,virtual,Cairo Asyut Western
V_Cairo_Asyut_Western_017,29.867471,30.777386,N/A,2,1,1623,virtual,Cairo Asyut Western
V_Cairo_Asyut_Western_018,29.853892,30.781832,N/A,2,1,1624,virtual,Cairo Asyut Western
V_Cairo_Asyut_Western_019,29.850195,30.761537,N/A,2,1,1625,virtual,Cairo Asyut Western
V_Cairo_Asyut_Western_020,29.846482,30.741246,N/A,2,1,1626,virtual,Cairo Asyut Western
V_Cairo_Asyut_Western_021,29.840982,30.721777,N/A,2,1,1627,virtual,Cairo Asyut Western
V_Cairo_Asyut_Western_022,29.830808,30.704678,N/A,2,1,1628,virtual,Cairo Asyut Western
V_Cairo_Asyut_Western_023,29.826367,30.684753,N/A,2,1,1629,virtual,Cairo Asyut Western
V_Cairo_Asyut_Western_024,29.822871,30.664416,N/A,2,1,1630,virtual,Cairo Asyut Western
V_Cairo_Asyut_Western_025,29.81906,30.644161,N/A,2,1,1631,virtual,Cairo Asyut Western
V_Cairo_Asyut_Western_026,29.81455,30.624093,N/A,2,1,1632,virtual,Cairo Asyut Western
V_Cairo_Asyut_Western_027,29.809573,30.604174,N/A,2,1,1633,virtual,Cairo Asyut Western
V_Cairo_Asyut_Western_028,29.804474,30.584296,N/A,2,1,1634,virtual,Cairo Asyut Western
V_Cairo_Asyut_Western_029,29.796585,30.565773,N/A,2,1,1635,virtual,Cairo Asyut Western
V_Cairo_Asyut_Western_030,29.78633,30.548896,N/A,2,1,1636,virtual,Cairo Asyut Western
V_Cairo_Asyut_Western_031,29.780437,30.530781,N/A,2,1,1637,virtual,Cairo Asyut Western
V_Cairo_Asyut_Western_032,29.767653,30.51631,N/A,2,1,1638,virtual,Cairo Asyut Western
V_Cairo_Asyut_Western_033,29.758273,30.498863,N/A,2,1,1639,virtual,Cairo Asyut Western
V_Cairo_Asyut_Western_034,29.749411,30.480878,N/A,2,1,1640,virtual,Cairo Asyut Western
V_Cairo_Asyut_Western_035,29.742969,30.461704,N/A,2,1,1641,virtual,Cairo Asyut Western
V_Cairo_Asyut_Western_036,29.739219,30.441446,N/A,2,1,1642,virtual,Cairo Asyut Western
V_Cairo_Asyut_Western_037,29.734985,30.421342,N/A,2,1,1643,virtual,Cairo Asyut Western
V_Cairo_Asyut_Western_038,29.721835,30.407342,N/A,2,1,1644,virtual,Cairo Asyut Western
V_Cairo_Asyut_Western_039,29.709541,30.392582,N/A,2,1,1645,virtual,Cairo Asyut Western
V_Cairo_Asyut_Western_040,29.707193,30.372103,N/A,2,1,1646,virtual,Cairo Asyut Western
V_Cairo_Asyut_Western_041,29.700071,30.353091,N/A,2,1,1647,virtual,Cairo Asyut Western
V_Cairo_Asyut_Western_042,29.70949,30.338886,N/A,2,1,1648,virtual,Cairo Asyut Western
V_Cairo_Asyut_Western_043,29.717556,30.32077,N/A,2,1,1649,virtual,Cairo Asyut Western
V_Cairo_Asyut_Western_044,29.727833,30.303795,N/A,2,1,1650,virtual,Cairo Asyut Western
V_Cairo_Asyut_Western_045,29.73958,30.288144,N/A,2,1,1651,virtual,Cairo Asyut Western
V_Cairo_Asyut_Western_046,29.752105,30.273392,N/A,2,1,1652,virtual,Cairo Asyut Western
V_Cairo_Asyut_Western_047,29.766692,30.261309,N/A,2,1,1653,virtual,Cairo Asyut Western
V_Cairo_Asyut_Western_048,29.781631,30.2498,N/A,2,1,1654,virtual,Cairo Asyut Western
V_Cairo_Asyut_Western_049,29.797204,30.239852,N/A,2,1,1655,virtual,Cairo Asyut Western
V_Cairo_Asyut_Western_050,29.810647,30.226791,N/A,2,1,1656,virtual,Cairo Asyut Western
V_Cairo_Asyut_Western_051,29.823894,30.213152,N/A,2,1,1657,virtual,Cairo Asyut Western
V_Cairo_Asyut_Western_052,29.834699,30.197721,N/A,2,1,1658,virtual,Cairo Asyut Western
V_Cairo_Asyut_Western_053,29.847629,30.184271,N/A,2,1,1659,virtual,Cairo Asyut Western
V_Cairo_Asyut_Western_054,29.858643,30.168517,N/A,2,1,1660,virtual,Cairo Asyut Western
V_Cairo_Asyut_Western_055,29.870516,30.153709,N/A,2,1,1661,virtual,Cairo Asyut Western
V_Cairo_Asyut_Western_056,29.880272,30.136335,N/A,2,1,1662,virtual,Cairo Asyut Western
V_Cairo_Asyut_Western_057,29.891032,30.120406,N/A,2,1,1663,virtual,Cairo Asyut Western
V_Cairo_Asyut_Western_058,29.90102,30.103293,N/A,2,1,1664,virtual,Cairo Asyut Western
V_Cairo_Asyut_Western_059,29.910386,30.08562,N/A,2,1,1665,virtual,Cairo Asyut Western
V_Cairo_Asyut_Western_060,29.920776,30.0687,N/A,2,1,1666,virtual,Cairo Asyut Western
V_Cairo_Asyut_Western_061,29.922052,30.048707,N/A,2,1,1667,virtual,Cairo Asyut Western
V_Cairo_Asyut_Western_062,29.922243,30.028897,N/A,2,1,1668,virtual,Cairo Asyut Western
V_Cairo_Asyut_Western_063,29.931638,30.0113,N/A,2,1,1669,virtual,Cairo Asyut Western
V_Cairo_Asyut_Western_064,29.94229,29.994577,N/A,2,1,1670,virtual,Cairo Asyut Western
V_Cairo_Asyut_Western_065,29.9533,29.97841,N/A,2,1,1671,virtual,Cairo Asyut Western
V_Cairo_Asyut_Western_066,29.966465,29.964308,N/A,2,1,1672,virtual,Cairo Asyut Western
V_Cairo_Asyut_Western_067,29.982153,29.954486,N/A,2,1,1673,virtual,Cairo Asyut Western
V_Cairo_Asyut_Western_068,29.99421,29.939745,N/A,2,1,1674,virtual,Cairo Asyut Western
V_Cairo_Asyut_Western_069,30.008681,29.927426,N/A,2,1,1675,virtual,Cairo Asyut Western
V_Cairo_Asyut_Western_070,30.02511,29.920724,N/A,2,1,1676,virtual,Cairo Asyut Western
V_Cairo_Asyut_Western_071,30.040755,29.911124,N/A,2,1,1677,virtual,Cairo Asyut Western
V_Cairo_Asyut_Western_072,30.056828,29.902274,N/A,2,1,1678,virtual,Cairo Asyut Western
V_Cairo_Asyut_Western_073,30.074259,29.897425,N/A,2,1,1679,virtual,Cairo Asyut Western
V_Cairo_Asyut_Western_074,30.088744,29.901243,N/A,2,1,1680,virtual,Cairo Asyut Western
V_Cairo_Asyut_Western_075,30.105929,29.897757,N/A,2,1,1681,virtual,Cairo Asyut Western
V_Cairo_Asyut_Western_076,30.123915,29.897973,N/A,2,1,1682,virtual,Cairo Asyut Western
V_Cairo_Asyut_Western_077,30.1419,29.89818,N/A,2,1,1683,virtual,Cairo Asyut Western
V_Cairo_Asyut_Western_078,30.157229,29.900304,N/A,2,1,1684,virtual,Cairo Asyut Western
V_Cairo_Asyut_Western_079,30.150091,29.919397,N/A,2,1,1685,virtual,Cairo Asyut Western
V_Cairo_Asyut_Western_080,30.142342,29.93805,N/A,2,1,1686,virtual,Cairo Asyut Western
V_Cairo_Asyut_Western_081,30.130305,29.953473,N/A,2,1,1687,virtual,Cairo Asyut Western
V_Cairo_Asyut_Western_082,30.117965,29.968595,N/A,2,1,1688,virtual,Cairo Asyut Western
V_Cairo_Asyut_Western_083,30.108601,29.986262,N/A,2,1,1689,virtual,Cairo Asyut Western
V_Cairo_Asyut_Western_084,30.103959,30.006271,N/A,2,1,1690,virtual,Cairo Asyut Western
V_Cairo_Asyut_Western_085,30.104096,30.027017,N/A,2,1,1691,virtual,Cairo Asyut Western
V_Cairo_Asyut_Western_086,30.105348,30.047758,N/A,2,1,1692,virtual,Cairo Asyut Western
V_Cairo_Asyut_Western_087,30.106629,30.068496,N/A,2,1,1693,virtual,Cairo Asyut Western
V_Cairo_Asyut_Western_088,30.108023,30.089223,N/A,2,1,1694,virtual,Cairo Asyut Western
V_Cairo_Asyut_Western_089,30.110543,30.10979,N/A,2,1,1695,virtual,Cairo Asyut Western
V_Cairo_Asyut_Western_090,30.110385,30.130563,N/A,2,1,1696,virtual,Cairo Asyut Western
V_Cairo_Asyut_Western_091,30.110193,30.151348,N/A,2,1,1697,virtual,Cairo Asyut Western
V_Cairo_Asyut_Western_092,30.10985,30.172136,N/A,2,1,1698,virtual,Cairo Asyut Western
V_Cairo_Asyut_Western_093,30.109519,30.192924,N/A,2,1,1699,virtual,Cairo Asyut Western
V_Cairo_Asyut_Western_094,30.110682,30.213672,N/A,2,1,1700,virtual,Cairo Asyut Western
V_Cairo_Asyut_Western_095,30.111867,30.234419,N/A,2,1,1701,virtual,Cairo Asyut Western
V_Cairo_Asyut_Western_096,30.113043,30.255167,N/A,2,1,1702,virtual,Cairo Asyut Western
V_Cairo_Asyut_Western_097,30.114236,30.275914,N/A,2,1,1703,virtual,Cairo Asyut Western
V_Cairo_Asyut_Western_098,30.115408,30.296663,N/A,2,1,1704,virtual,Cairo Asyut Western
V_Cairo_Asyut_Western_099,30.116851,30.317384,N/A,2,1,1705,virtual,Cairo Asyut Western
V_Cairo_Asyut_Western_100,30.121094,30.337553,N/A,2,1,1706,virtual,Cairo Asyut Western
V_Cairo_Asyut_Western_101,30.127811,30.356841,N/A,2,1,1707,virtual,Cairo Asyut Western
V_Cairo_Asyut_Western_102,30.134602,30.376099,N/A,2,1,1708,virtual,Cairo Asyut Western
V_Cairo_Asyut_Western_103,30.141414,30.395347,N/A,2,1,1709,virtual,Cairo Asyut Western
V_Cairo_Asyut_Western_104,30.148207,30.414606,N/A,2,1,1710,virtual,Cairo Asyut Western
V_Cairo_Asyut_Western_105,30.155002,30.433866,N/A,2,1,1711,virtual,Cairo Asyut Western
V_Cairo_Asyut_Western_106,30.161788,30.45313,N/A,2,1,1712,virtual,Cairo Asyut Western
V_Cairo_Asyut_Western_107,30.167807,30.472711,N/A,2,1,1713,virtual,Cairo Asyut Western
V_Cairo_Asyut_Western_108,30.170533,30.493238,N/A,2,1,1714,virtual,Cairo Asyut Western
V_Cairo_Asyut_Western_109,30.17034,30.514035,N/A,2,1,1715,virtual,Cairo Asyut Western
V_Cairo_Asyut_Western_110,30.169858,30.534832,N/A,2,1,1716,virtual,Cairo Asyut Western
V_Cairo_Asyut_Western_111,30.169376,30.555629,N/A,2,1,1717,virtual,Cairo Asyut Western
V_Cairo_Asyut_Western_112,30.168896,30.576426,N/A,2,1,1718,virtual,Cairo Asyut Western
V_Cairo_Asyut_Western_113,30.168399,30.597223,N/A,2,1,1719,virtual,Cairo Asyut Western
V_Cairo_Asyut_Western_114,30.167893,30.618019,N/A,2,1,1720,virtual,Cairo Asyut Western
V_Cairo_Asyut_Western_115,30.163555,30.638062,N/A,2,1,1721,virtual,Cairo Asyut Western
V_Cairo_Asyut_Western_116,30.15292,30.654713,N/A,2,1,1722,virtual,Cairo Asyut Western
V_Cairo_Asyut_Western_117,30.140129,30.668983,N/A,2,1,1723,virtual,Cairo Asyut Western
V_Cairo_Asyut_Western_118,30.123987,30.674039,N/A,2,1,1724,virtual,Cairo Asyut Western
V_Cairo_Asyut_Western_119,30.106096,30.676076,N/A,2,1,1725,virtual,Cairo Asyut Western
V_Cairo_Asyut_Western_120,30.088129,30.677018,N/A,2,1,1726,virtual,Cairo Asyut Western
V_Cairo_Asyut_Western_121,30.070157,30.677846,N/A,2,1,1727,virtual,Cairo Asyut Western
V_Cairo_Asyut_Western_122,30.052187,30.678715,N/A,2,1,1728,virtual,Cairo Asyut Western
V_Cairo_Asyut_Western_123,30.034222,30.678811,N/A,2,1,1729,virtual,Cairo Asyut Western
V_Cairo_Asyut_Western_124,30.016995,30.673164,N/A,2,1,1730,virtual,Cairo Asyut Western
V_Cairo_Asyut_Western_125,30.002243,30.661417,N/A,2,1,1731,virtual,Cairo Asyut Western
V_Cairo_Asyut_Western_126,29.988608,30.647874,N/A,2,1,1732,virtual,Cairo Asyut Western
V_Cairo_Asyut_Western_127,29.97497,30.634338,N/A,2,1,1733,virtual,Cairo Asyut Western
V_Cairo_Asyut_Western_128,29.961318,30.620821,N/A,2,1,1734,virtual,Cairo Asyut Western
V_Cairo_Asyut_Western_129,29.947679,30.607288,N/A,2,1,1735,virtual,Cairo Asyut Western
V_Cairo_Asyut_Western_130,29.934039,30.593758,N/A,2,1,1736,virtual,Cairo Asyut Western
V_Cairo_Asyut_Western_131,29.919968,30.580862,N/A,2,1,1737,virtual,Cairo Asyut Western
V_Cairo_Asyut_Western_132,29.905164,30.569076,N/A,2,1,1738,virtual,Cairo Asyut Western
V_Cairo_Asyut_Western_133,29.890354,30.557303,N/A,2,1,1739,virtual,Cairo Asyut Western
V_Cairo_Asyut_Western_134,29.87555,30.545521,N/A,2,1,1740,virtual,Cairo Asyut Western
V_Cairo_Asyut_Western_135,29.860752,30.533732,N/A,2,1,1741,virtual,Cairo Asyut Western
V_Cairo_Asyut_Western_136,29.845931,30.521982,N/A,2,1,1742,virtual,Cairo Asyut Western
V_Cairo_Asyut_Western_137,29.831112,30.51023,N/A,2,1,1743,virtual,Cairo Asyut Western
V_Cairo_Asyut_Western_138,29.815224,30.500753,N/A,2,1,1744,virtual,Cairo Asyut Western
V_Cairo_Asyut_Western_139,29.797417,30.498723,N/A,2,1,1745,virtual,Cairo Asyut Western
V_Cairo_Asyut_Western_140,29.779558,30.500325,N/A,2,1,1746,virtual,Cairo Asyut Western
V_Cairo_Asyut_Western_141,29.76491,30.50977,N/A,2,1,1747,virtual,Cairo Asyut Western
V_Cairo_Asyut_Western_142,29.754963,30.49271,N/A,2,1,1748,virtual,Cairo Asyut Western
V_Cairo_Asyut_Western_143,29.74638,30.474504,N/A,2,1,1749,virtual,Cairo Asyut Western
V_Cairo_Asyut_Western_144,29.741605,30.454609,N/A,2,1,1750,virtual,Cairo Asyut Western
V_Cairo_Asyut_Western_145,29.737832,30.434358,N/A,2,1,1751,virtual,Cairo Asyut Western
V_Cairo_Asyut_Western_146,29.730707,30.416084,N/A,2,1,1752,virtual,Cairo Asyut Western
V_Cairo_Asyut_Western_147,29.717038,30.402623,N/A,2,1,1753,virtual,Cairo Asyut Western
V_Cairo_Asyut_Western_148,29.708593,30.385424,N/A,2,1,1754,virtual,Cairo Asyut Western
V_Cairo_Asyut_Western_149,29.704725,30.365421,N/A,2,1,1755,virtual,Cairo Asyut Western
V_Cairo_Asyut_Western_150,29.697575,30.346421,N/A,2,1,1756,virtual,Cairo Asyut Western
V_Cairo_Asyut_Western_151,29.689084,30.328495,N/A,2,1,1757,virtual,Cairo Asyut Western
V_Cairo_Asyut_Western_152,29.675958,30.314389,N/A,2,1,1758,virtual,Cairo Asyut Western
V_Cairo_Asyut_Western_153,29.670823,30.294593,N/A,2,1,1759,virtual,Cairo Asyut Western
V_Cairo_Asyut_Western_154,29.666058,30.274633,N/A,2,1,1760,virtual,Cairo Asyut Western
V_Cairo_Asyut_Western_155,29.661291,30.254673,N/A,2,1,1761,virtual,Cairo Asyut Western
V_Cairo_Asyut_Western_156,29.651684,30.240168,N/A,2,1,1762,virtual,Cairo Asyut Western
V_Cairo_Asyut_Western_157,29.652762,30.219639,N/A,2,1,1763,virtual,Cairo Asyut Western
V_Cairo_Asyut_Western_158,29.654445,30.199512,N/A,2,1,1764,virtual,Cairo Asyut Western
V_Cairo_Asyut_Western_159,29.656888,30.179356,N/A,2,1,1765,virtual,Cairo Asyut Western
V_Cairo_Asyut_Western_160,29.664878,30.16088,N/A,2,1,1766,virtual,Cairo Asyut Western
V_Cairo_Asyut_Western_161,29.672997,30.142452,N/A,2,1,1767,virtual,Cairo Asyut Western
V_Cairo_Asyut_Western_162,29.679788,30.123823,N/A,2,1,1768,virtual,Cairo Asyut Western
V_Cairo_Asyut_Western_163,29.67448,30.104225,N/A,2,1,1769,virtual,Cairo Asyut Western
V_Cairo_Asyut_Western_164,29.668583,30.084689,N/A,2,1,1770,virtual,Cairo Asyut Western
V_Cairo_Asyut_Western_165,29.654341,30.073914,N/A,2,1,1771,virtual,Cairo Asyut Western
V_Cairo_Asyut_Western_166,29.639558,30.065457,N/A,2,1,1772,virtual,Cairo Asyut Western
V_Cairo_Asyut_Western_167,29.637498,30.045199,N/A,2,1,1773,virtual,Cairo Asyut Western
V_Cairo_Asyut_Western_168,29.629487,30.02761,N/A,2,1,1774,virtual,Cairo Asyut Western
V_Cairo_Asyut_Western_169,29.617261,30.012557,N/A,2,1,1775,virtual,Cairo Asyut Western
V_Cairo_Asyut_Western_170,29.608811,29.980083,N/A,2,1,1776,virtual,Cairo Asyut Western
V_Ain_Sokhna_Road_001,29.97014,31.49,N/A,2,1,1777,virtual,Ain Sokhna Road
V_Ain_Sokhna_Road_002,29.951853,31.497309,N/A,2,1,1778,virtual,Ain Sokhna Road
V_Ain_Sokhna_Road_003,29.934115,31.521056,N/A,2,1,1779,virtual,Ain Sokhna Road
V_Ain_Sokhna_Road_004,29.928524,31.54073,N/A,2,1,1780,virtual,Ain Sokhna Road
V_Ain_Sokhna_Road_005,29.923352,31.560606,N/A,2,1,1781,virtual,Ain Sokhna Road
V_Ain_Sokhna_Road_006,29.92442,31.581092,N/A,2,1,1782,virtual,Ain Sokhna Road
V_Ain_Sokhna_Road_007,29.92607,31.601635,N/A,2,1,1783,virtual,Ain Sokhna Road
V_Ain_Sokhna_Road_008,29.91253,31.611953,N/A,2,1,1784,virtual,Ain Sokhna Road
V_Ain_Sokhna_Road_009,29.89489,31.610266,N/A,2,1,1785,virtual,Ain Sokhna Road
V_Ain_Sokhna_Road_010,29.919614,31.615922,N/A,2,1,1786,virtual,Ain Sokhna Road
V_Ain_Sokhna_Road_011,29.915051,31.632481,N/A,2,1,1787,virtual,Ain Sokhna Road
V_Ain_Sokhna_Road_012,29.907114,31.651079,N/A,2,1,1788,virtual,Ain Sokhna Road
V_Ain_Sokhna_Road_013,29.906433,31.671772,N/A,2,1,1789,virtual,Ain Sokhna Road
V_Ain_Sokhna_Road_014,29.903635,31.691228,N/A,2,1,1790,virtual,Ain Sokhna Road
V_Ain_Sokhna_Road_015,29.886401,31.692053,N/A,2,1,1791,virtual,Ain Sokhna Road
V_Ain_Sokhna_Road_016,29.871127,31.682528,N/A,2,1,1792,virtual,Ain Sokhna Road
V_Ain_Sokhna_Road_017,29.85233,31.685384,N/A,2,1,1793,virtual,Ain Sokhna Road
V_Ain_Sokhna_Road_018,29.839821,31.700285,N/A,2,1,1794,virtual,Ain Sokhna Road
V_Ain_Sokhna_Road_019,29.827294,31.715163,N/A,2,1,1795,virtual,Ain Sokhna Road
V_Ain_Sokhna_Road_020,29.815373,31.730648,N/A,2,1,1796,virtual,Ain Sokhna Road
V_Ain_Sokhna_Road_021,29.803187,31.74574,N/A,2,1,1797,virtual,Ain Sokhna Road
V_Ain_Sokhna_Road_022,29.789146,31.758687,N/A,2,1,1798,virtual,Ain Sokhna Road
V_Ain_Sokhna_Road_023,29.780802,31.776664,N/A,2,1,1799,virtual,Ain Sokhna Road
V_Ain_Sokhna_Road_024,29.777045,31.796411,N/A,2,1,1800,virtual,Ain Sokhna Road
V_Ain_Sokhna_Road_025,29.781046,31.77621,N/A,2,1,1801,virtual,Ain Sokhna Road
V_Ain_Sokhna_Road_026,29.78963,31.7584,N/A,2,1,1802,virtual,Ain Sokhna Road
V_Ain_Sokhna_Road_027,29.803698,31.745489,N/A,2,1,1803,virtual,Ain Sokhna Road
V_Ain_Sokhna_Road_028,29.815792,31.730292,N/A,2,1,1804,virtual,Ain Sokhna Road
V_Ain_Sokhna_Road_029,29.827756,31.714851,N/A,2,1,1805,virtual,Ain Sokhna Road
V_Ain_Sokhna_Road_030,29.840277,31.699966,N/A,2,1,1806,virtual,Ain Sokhna Road
V_Ain_Sokhna_Road_031,29.852825,31.685111,N/A,2,1,1807,virtual,Ain Sokhna Road
V_Ain_Sokhna_Road_032,29.840572,31.699403,N/A,2,1,1808,virtual,Ain Sokhna Road
V_Ain_Sokhna_Road_033,29.828044,31.714281,N/A,2,1,1809,virtual,Ain Sokhna Road
V_Ain_Sokhna_Road_034,29.816023,31.729666,N/A,2,1,1810,virtual,Ain Sokhna Road
V_Ain_Sokhna_Road_035,29.80403,31.744977,N/A,2,1,1811,virtual,Ain Sokhna Road
V_Ain_Sokhna_Road_036,29.789941,31.757859,N/A,2,1,1812,virtual,Ain Sokhna Road
V_Ain_Sokhna_Road_037,29.781052,31.775463,N/A,2,1,1813,virtual,Ain Sokhna Road
V_Ain_Sokhna_Road_038,29.776988,31.795648,N/A,2,1,1814,virtual,Ain Sokhna Road
V_Ain_Sokhna_Road_039,29.772897,31.815826,N/A,2,1,1815,virtual,Ain Sokhna Road
V_Ain_Sokhna_Road_040,29.766277,31.834841,N/A,2,1,1816,virtual,Ain Sokhna Road
V_Ain_Sokhna_Road_041,29.753538,31.849456,N/A,2,1,1817,virtual,Ain Sokhna Road
V_Ain_Sokhna_Road_042,29.743785,31.866268,N/A,2,1,1818,virtual,Ain Sokhna Road
V_Ain_Sokhna_Road_043,29.733337,31.882655,N/A,2,1,1819,virtual,Ain Sokhna Road
V_Ain_Sokhna_Road_044,29.721964,31.898373,N/A,2,1,1820,virtual,Ain Sokhna Road
V_Ain_Sokhna_Road_045,29.717299,31.918372,N/A,2,1,1821,virtual,Ain Sokhna Road
V_Ain_Sokhna_Road_046,29.712779,31.938412,N/A,2,1,1822,virtual,Ain Sokhna Road
V_Ain_Sokhna_Road_047,29.718492,31.957145,N/A,2,1,1823,virtual,Ain Sokhna Road
V_Ain_Sokhna_Road_048,29.734525,31.966336,N/A,2,1,1824,virtual,Ain Sokhna Road
V_Ain_Sokhna_Road_049,29.748959,31.977905,N/A,2,1,1825,virtual,Ain Sokhna Road
V_Ain_Sokhna_Road_050,29.727783,31.962778,N/A,2,1,1826,virtual,Ain Sokhna Road
V_Ain_Sokhna_Road_051,29.714227,31.950126,N/A,2,1,1827,virtual,Ain Sokhna Road
V_Ain_Sokhna_Road_052,29.714751,31.929945,N/A,2,1,1828,virtual,Ain Sokhna Road
V_Ain_Sokhna_Road_053,29.725468,31.919072,N/A,2,1,1829,virtual,Ain Sokhna Road
V_Ain_Sokhna_Road_054,29.7263,31.898973,N/A,2,1,1830,virtual,Ain Sokhna Road
V_Ain_Sokhna_Road_055,29.734783,31.881639,N/A,2,1,1831,virtual,Ain Sokhna Road
V_Ain_Sokhna_Road_056,29.747433,31.867499,N/A,2,1,1832,virtual,Ain Sokhna Road
V_Ain_Sokhna_Road_057,29.756838,31.850118,N/A,2,1,1833,virtual,Ain Sokhna Road
V_Ain_Sokhna_Road_058,29.772916,31.848425,N/A,2,1,1834,virtual,Ain Sokhna Road
V_Ain_Sokhna_Road_059,29.788279,31.850584,N/A,2,1,1835,virtual,Ain Sokhna Road
V_Ain_Sokhna_Road_060,29.801828,31.860931,N/A,2,1,1836,virtual,Ain Sokhna Road
V_Ain_Sokhna_Road_061,29.807018,31.875524,N/A,2,1,1837,virtual,Ain Sokhna Road
V_Ain_Sokhna_Road_062,29.803713,31.891426,N/A,2,1,1838,virtual,Ain Sokhna Road
V_Ain_Sokhna_Road_063,29.787682,31.900823,N/A,2,1,1839,virtual,Ain Sokhna Road
V_Ain_Sokhna_Road_064,29.774879,31.914707,N/A,2,1,1840,virtual,Ain Sokhna Road
V_Ain_Sokhna_Road_065,29.769124,31.932169,N/A,2,1,1841,virtual,Ain Sokhna Road
V_Ain_Sokhna_Road_066,29.754947,31.937455,N/A,2,1,1842,virtual,Ain Sokhna Road
V_Ain_Sokhna_Road_067,29.737285,31.933537,N/A,2,1,1843,virtual,Ain Sokhna Road
V_Ain_Sokhna_Road_068,29.719624,31.929614,N/A,2,1,1844,virtual,Ain Sokhna Road
V_Ain_Sokhna_Road_069,29.718609,31.913517,N/A,2,1,1845,virtual,Ain Sokhna Road
V_Ain_Sokhna_Road_070,29.713982,31.932736,N/A,2,1,1846,virtual,Ain Sokhna Road
V_Ain_Sokhna_Road_071,29.715246,31.952674,N/A,2,1,1847,virtual,Ain Sokhna Road
V_Ain_Sokhna_Road_072,29.729869,31.964005,N/A,2,1,1848,virtual,Ain Sokhna Road
V_Ain_Sokhna_Road_073,29.745819,31.973335,N/A,2,1,1849,virtual,Ain Sokhna Road
V_Ain_Sokhna_Road_074,29.729811,31.969751,N/A,2,1,1850,virtual,Ain Sokhna Road
V_Ain_Sokhna_Road_075,29.719187,31.980515,N/A,2,1,1851,virtual,Ain Sokhna Road
V_Ain_Sokhna_Road_076,29.709726,31.996842,N/A,2,1,1852,virtual,Ain Sokhna Road
V_Ain_Sokhna_Road_077,29.71805,31.98388,N/A,2,1,1853,virtual,Ain Sokhna Road
V_Ain_Sokhna_Road_078,29.726709,31.968934,N/A,2,1,1854,virtual,Ain Sokhna Road
V_Ain_Sokhna_Road_079,29.743876,31.9724,N/A,2,1,1855,virtual,Ain Sokhna Road
V_Ain_Sokhna_Road_080,29.75397,31.988652,N/A,2,1,1856,virtual,Ain Sokhna Road
V_Ain_Sokhna_Road_081,29.760051,32.006813,N/A,2,1,1857,virtual,Ain Sokhna Road
V_Ain_Sokhna_Road_082,29.752898,32.025391,N/A,2,1,1858,virtual,Ain Sokhna Road
V_Ain_Sokhna_Road_083,29.737301,32.035577,N/A,2,1,1859,virtual,Ain Sokhna Road
V_Ain_Sokhna_Road_084,29.725154,32.050701,N/A,2,1,1860,virtual,Ain Sokhna Road
V_Ain_Sokhna_Road_085,29.715023,32.067771,N/A,2,1,1861,virtual,Ain Sokhna Road
V_Ain_Sokhna_Road_086,29.706762,32.086152,N/A,2,1,1862,virtual,Ain Sokhna Road
V_Ain_Sokhna_Road_087,29.69777,32.104076,N/A,2,1,1863,virtual,Ain Sokhna Road
V_Ain_Sokhna_Road_088,29.693762,32.124104,N/A,2,1,1864,virtual,Ain Sokhna Road
V_Ain_Sokhna_Road_089,29.693481,32.144791,N/A,2,1,1865,virtual,Ain Sokhna Road
V_Ain_Sokhna_Road_090,29.692921,32.165423,N/A,2,1,1866,virtual,Ain Sokhna Road
V_Ain_Sokhna_Road_091,29.68872,32.185553,N/A,2,1,1867,virtual,Ain Sokhna Road
V_Ain_Sokhna_Road_092,29.684257,32.205608,N/A,2,1,1868,virtual,Ain Sokhna Road
V_Ain_Sokhna_Road_093,29.678437,32.224959,N/A,2,1,1869,virtual,Ain Sokhna Road
V_Ain_Sokhna_Road_094,29.664071,32.234302,N/A,2,1,1870,virtual,Ain Sokhna Road
V_Ain_Sokhna_Road_095,29.646538,32.229879,N/A,2,1,1871,virtual,Ain Sokhna Road
V_Ain_Sokhna_Road_096,29.64076,32.214509,N/A,2,1,1872,virtual,Ain Sokhna Road
V_Ain_Sokhna_Road_097,29.63865,32.195362,N/A,2,1,1873,virtual,Ain Sokhna Road
V_Ain_Sokhna_Road_098,29.640516,32.179485,N/A,2,1,1874,virtual,Ain Sokhna Road
V_Ain_Sokhna_Road_099,29.640234,32.159181,N/A,2,1,1875,virtual,Ain Sokhna Road
V_Ain_Sokhna_Road_100,29.637887,32.139407,N/A,2,1,1876,virtual,Ain Sokhna Road
V_Alexandria_Coastal_001,31.20004,29.95,N/A,2,1,1877,virtual,Alexandria Coastal
V_Alexandria_Coastal_002,31.1964,29.934271,N/A,2,1,1878,virtual,Alexandria Coastal
V_Alexandria_Coastal_003,31.187587,29.921445,N/A,2,1,1879,virtual,Alexandria Coastal
V_Alexandria_Coastal_004,31.174781,29.93159,N/A,2,1,1880,virtual,Alexandria Coastal
V_Alexandria_Coastal_005,31.159345,29.928918,N/A,2,1,1881,virtual,Alexandria Coastal
V_Alexandria_Coastal_006,31.145867,29.915007,N/A,2,1,1882,virtual,Alexandria Coastal
V_Alexandria_Coastal_007,31.132332,29.901168,N/A,2,1,1883,virtual,Alexandria Coastal
V_Alexandria_Coastal_008,31.118508,29.887928,N/A,2,1,1884,virtual,Alexandria Coastal
V_Alexandria_Coastal_009,31.107152,29.871986,N/A,2,1,1885,virtual,Alexandria Coastal
V_Alexandria_Coastal_010,31.09742,29.854926,N/A,2,1,1886,virtual,Alexandria Coastal
V_Alexandria_Coastal_011,31.081958,29.845359,N/A,2,1,1887,virtual,Alexandria Coastal
V_Alexandria_Coastal_012,31.07136,29.82857,N/A,2,1,1888,virtual,Alexandria Coastal
V_Alexandria_Coastal_013,31.062012,29.810647,N/A,2,1,1889,virtual,Alexandria Coastal
V_Alexandria_Coastal_014,31.050666,29.79454,N/A,2,1,1890,virtual,Alexandria Coastal
V_Alexandria_Coastal_015,31.038508,29.782022,N/A,2,1,1891,virtual,Alexandria Coastal
V_Alexandria_Coastal_016,31.023626,29.792748,N/A,2,1,1892,virtual,Alexandria Coastal
V_Alexandria_Coastal_017,31.007835,29.802061,N/A,2,1,1893,virtual,Alexandria Coastal
V_Alexandria_Coastal_018,30.991658,29.810882,N/A,2,1,1894,virtual,Alexandria Coastal
V_Alexandria_Coastal_019,30.975681,29.819936,N/A,2,1,1895,virtual,Alexandria Coastal
V_Alexandria_Coastal_020,30.961989,29.833329,N/A,2,1,1896,virtual,Alexandria Coastal
V_Alexandria_Coastal_021,30.946127,29.843214,N/A,2,1,1897,virtual,Alexandria Coastal
V_Alexandria_Coastal_022,30.93027,29.85311,N/A,2,1,1898,virtual,Alexandria Coastal
V_Alexandria_Coastal_023,30.914737,29.863672,N/A,2,1,1899,virtual,Alexandria Coastal
V_Alexandria_Coastal_024,30.899319,29.874467,N/A,2,1,1900,virtual,Alexandria Coastal
V_Alexandria_Coastal_025,30.910327,29.897008,N/A,2,1,1901,virtual,Alexandria Coastal
V_Alexandria_Coastal_026,30.912798,29.917762,N/A,2,1,1902,virtual,Alexandria Coastal
V_Alexandria_Coastal_027,30.915272,29.938526,N/A,2,1,1903,virtual,Alexandria Coastal
V_Alexandria_Coastal_028,30.916791,29.958602,N/A,2,1,1904,virtual,Alexandria Coastal
V_Alexandria_Coastal_029,30.907734,29.975023,N/A,2,1,1905,virtual,Alexandria Coastal
V_Alexandria_Coastal_030,30.907656,29.953594,N/A,2,1,1906,virtual,Alexandria Coastal
V_Alexandria_Coastal_031,30.91512,29.937221,N/A,2,1,1907,virtual,Alexandria Coastal
V_Alexandria_Coastal_032,30.912666,29.916454,N/A,2,1,1908,virtual,Alexandria Coastal
V_Alexandria_Coastal_033,30.909923,29.895795,N/A,2,1,1909,virtual,Alexandria Coastal
V_Alexandria_Coastal_034,30.907517,29.875021,N/A,2,1,1910,virtual,Alexandria Coastal
V_Alexandria_Coastal_035,30.91838,29.861773,N/A,2,1,1911,virtual,Alexandria Coastal
V_Alexandria_Coastal_036,30.933997,29.851388,N/A,2,1,1912,virtual,Alexandria Coastal
V_Alexandria_Coastal_037,30.949882,29.841552,N/A,2,1,1913,virtual,Alexandria Coastal
V_Alexandria_Coastal_038,30.965571,29.831325,N/A,2,1,1914,virtual,Alexandria Coastal
V_Alexandria_Coastal_039,30.939395,29.847398,N/A,2,1,1915,virtual,Alexandria Coastal
V_Alexandria_Coastal_040,30.923622,29.857469,N/A,2,1,1916,virtual,Alexandria Coastal
V_Alexandria_Coastal_041,30.908195,29.868246,N/A,2,1,1917,virtual,Alexandria Coastal
V_Alexandria_Coastal_042,30.892461,29.87827,N/A,2,1,1918,virtual,Alexandria Coastal
V_Alexandria_Coastal_043,30.87608,29.886855,N/A,2,1,1919,virtual,Alexandria Coastal
V_Alexandria_Coastal_044,30.859967,29.896167,N/A,2,1,1920,virtual,Alexandria Coastal
V_Alexandria_Coastal_045,30.844025,29.905865,N/A,2,1,1921,virtual,Alexandria Coastal
V_Alexandria_Coastal_046,30.8283,29.916034,N/A,2,1,1922,virtual,Alexandria Coastal
V_Alexandria_Coastal_047,30.814122,29.928731,N/A,2,1,1923,virtual,Alexandria Coastal
V_Alexandria_Coastal_048,30.800785,29.942781,N/A,2,1,1924,virtual,Alexandria Coastal
V_Alexandria_Coastal_049,30.787485,29.956876,N/A,2,1,1925,virtual,Alexandria Coastal
V_Alexandria_Coastal_050,30.774191,29.970978,N/A,2,1,1926,virtual,Alexandria Coastal
V_Alexandria_Coastal_051,30.760875,29.985049,N/A,2,1,1927,virtual,Alexandria Coastal
V_Alexandria_Coastal_052,30.747542,29.999098,N/A,2,1,1928,virtual,Alexandria Coastal
V_Alexandria_Coastal_053,30.734216,30.013152,N/A,2,1,1929,virtual,Alexandria Coastal
V_Alexandria_Coastal_054,30.720914,30.027235,N/A,2,1,1930,virtual,Alexandria Coastal
V_Alexandria_Coastal_055,30.707604,30.041306,N/A,2,1,1931,virtual,Alexandria Coastal
V_Alexandria_Coastal_056,30.69427,30.055344,N/A,2,1,1932,virtual,Alexandria Coastal
V_Alexandria_Coastal_057,30.680746,30.069034,N/A,2,1,1933,virtual,Alexandria Coastal
V_Alexandria_Coastal_058,30.667513,30.083191,N/A,2,1,1934,virtual,Alexandria Coastal
V_Alexandria_Coastal_059,30.655093,30.070061,N/A,2,1,1935,virtual,Alexandria Coastal
V_Alexandria_Coastal_060,30.642941,30.054649,N/A,2,1,1936,virtual,Alexandria Coastal
V_Alexandria_Coastal_061,30.630231,30.048383,N/A,2,1,1937,virtual,Alexandria Coastal
V_Alexandria_Coastal_062,30.618214,30.032833,N/A,2,1,1938,virtual,Alexandria Coastal
V_Alexandria_Coastal_063,30.606216,30.017268,N/A,2,1,1939,virtual,Alexandria Coastal
V_Alexandria_Coastal_064,30.580933,30.027724,N/A,2,1,1940,virtual,Alexandria Coastal
V_Alexandria_Coastal_065,30.577012,30.048082,N/A,2,1,1941,virtual,Alexandria Coastal
V_Alexandria_Coastal_066,30.573351,30.068535,N/A,2,1,1942,virtual,Alexandria Coastal
V_Alexandria_Coastal_067,30.568625,30.088649,N/A,2,1,1943,virtual,Alexandria Coastal
V_Alexandria_Coastal_068,30.548899,30.084643,N/A,2,1,1944,virtual,Alexandria Coastal
V_Alexandria_Coastal_069,30.536756,30.069238,N/A,2,1,1945,virtual,Alexandria Coastal
V_Alexandria_Coastal_070,30.530427,30.052408,N/A,2,1,1946,virtual,Alexandria Coastal
V_Alexandria_Coastal_071,30.537506,30.033215,N/A,2,1,1947,virtual,Alexandria Coastal
V_Alexandria_Coastal_072,30.54426,30.01387,N/A,2,1,1948,virtual,Alexandria Coastal
V_Alexandria_Coastal_073,30.535605,30.036314,N/A,2,1,1949,virtual,Alexandria Coastal
V_Alexandria_Coastal_074,30.528752,30.05562,N/A,2,1,1950,virtual,Alexandria Coastal
V_Alexandria_Coastal_075,30.521947,30.074948,N/A,2,1,1951,virtual,Alexandria Coastal
V_Alexandria_Coastal_076,30.515207,30.094304,N/A,2,1,1952,virtual,Alexandria Coastal
V_Alexandria_Coastal_077,30.508379,30.113618,N/A,2,1,1953,virtual,Alexandria Coastal
V_Alexandria_Coastal_078,30.501407,30.13286,N/A,2,1,1954,virtual,Alexandria Coastal
V_Alexandria_Coastal_079,30.491521,30.150222,N/A,2,1,1955,virtual,Alexandria Coastal
V_Alexandria_Coastal_080,30.484626,30.16929,N/A,2,1,1956,virtual,Alexandria Coastal
V_Alexandria_Coastal_081,30.478183,30.188014,N/A,2,1,1957,virtual,Alexandria Coastal
V_Alexandria_Coastal_082,30.465424,30.194543,N/A,2,1,1958,virtual,Alexandria Coastal
V_Alexandria_Coastal_083,30.451499,30.182358,N/A,2,1,1959,virtual,Alexandria Coastal
V_Alexandria_Coastal_084,30.444396,30.165053,N/A,2,1,1960,virtual,Alexandria Coastal
V_Alexandria_Coastal_085,30.43138,30.153403,N/A,2,1,1961,virtual,Alexandria Coastal
V_Alexandria_Coastal_086,30.415381,30.143875,N/A,2,1,1962,virtual,Alexandria Coastal
V_Alexandria_Coastal_087,30.399379,30.134354,N/A,2,1,1963,virtual,Alexandria Coastal
V_Alexandria_Coastal_088,30.383381,30.12483,N/A,2,1,1964,virtual,Alexandria Coastal
V_Alexandria_Coastal_089,30.367407,30.11526,N/A,2,1,1965,virtual,Alexandria Coastal
V_Alexandria_Coastal_090,30.351399,30.105755,N/A,2,1,1966,virtual,Alexandria Coastal
V_Alexandria_Coastal_091,30.335386,30.096266,N/A,2,1,1967,virtual,Alexandria Coastal
V_Alexandria_Coastal_092,30.326688,30.083048,N/A,2,1,1968,virtual,Alexandria Coastal
V_Alexandria_Coastal_093,30.323511,30.065516,N/A,2,1,1969,virtual,Alexandria Coastal
V_Alexandria_Coastal_094,30.310643,30.050959,N/A,2,1,1970,virtual,Alexandria Coastal
V_Alexandria_Coastal_095,30.29779,30.036385,N/A,2,1,1971,virtual,Alexandria Coastal
V_Alexandria_Coastal_096,30.319201,30.049398,N/A,2,1,1972,virtual,Alexandria Coastal
V_Alexandria_Coastal_097,30.308005,30.036923,N/A,2,1,1973,virtual,Alexandria Coastal
V_Alexandria_Coastal_098,30.321959,30.063757,N/A,2,1,1974,virtual,Alexandria Coastal
V_Alexandria_Coastal_099,30.327223,30.080614,N/A,2,1,1975,virtual,Alexandria Coastal
V_Alexandria_Coastal_100,30.322441,30.100695,N/A,2,1,1976,virtual,Alexandria Coastal
V_Alexandria_Coastal_101,30.317711,30.120796,N/A,2,1,1977,virtual,Alexandria Coastal
V_Alexandria_Coastal_102,30.313525,30.141048,N/A,2,1,1978,virtual,Alexandria Coastal
V_Alexandria_Coastal_103,30.303252,30.158086,N/A,2,1,1979,virtual,Alexandria Coastal
V_Alexandria_Coastal_104,30.292797,30.175037,N/A,2,1,1980,virtual,Alexandria Coastal
V_Alexandria_Coastal_105,30.286072,30.191756,N/A,2,1,1981,virtual,Alexandria Coastal
V_Alexandria_Coastal_106,30.271754,30.179224,N/A,2,1,1982,virtual,Alexandria Coastal
V_Alexandria_Coastal_107,30.256961,30.16752,N/A,2,1,1983,virtual,Alexandria Coastal
V_Alexandria_Coastal_108,30.242269,30.155515,N/A,2,1,1984,virtual,Alexandria Coastal
V_Alexandria_Coastal_109,30.227527,30.1436,N/A,2,1,1985,virtual,Alexandria Coastal
V_Alexandria_Coastal_110,30.212935,30.131439,N/A,2,1,1986,virtual,Alexandria Coastal
V_Alexandria_Coastal_111,30.198228,30.119467,N/A,2,1,1987,virtual,Alexandria Coastal
V_Alexandria_Coastal_112,30.183529,30.107474,N/A,2,1,1988,virtual,Alexandria Coastal
V_Alexandria_Coastal_113,30.168819,30.095504,N/A,2,1,1989,virtual,Alexandria Coastal
V_Alexandria_Coastal_114,30.1541,30.083548,N/A,2,1,1990,virtual,Alexandria Coastal
V_Alexandria_Coastal_115,30.13941,30.071547,N/A,2,1,1991,virtual,Alexandria Coastal
V_Alexandria_Coastal_116,30.124713,30.059559,N/A,2,1,1992,virtual,Alexandria Coastal
V_Alexandria_Coastal_117,30.109991,30.047613,N/A,2,1,1993,virtual,Alexandria Coastal
V_Alexandria_Coastal_118,30.104733,30.029468,N/A,2,1,1994,virtual,Alexandria Coastal
V_Alexandria_Coastal_119,30.103983,30.008746,N/A,2,1,1995,virtual,Alexandria Coastal
V_Alexandria_Coastal_120,30.108049,29.988571,N/A,2,1,1996,virtual,Alexandria Coastal
V_Alexandria_Coastal_121,30.116917,29.970565,N/A,2,1,1997,virtual,Alexandria Coastal
V_Alexandria_Coastal_122,30.12912,29.955305,N/A,2,1,1998,virtual,Alexandria Coastal
V_Alexandria_Coastal_123,30.141386,29.940107,N/A,2,1,1999,virtual,Alexandria Coastal
V_Alexandria_Coastal_124,30.149763,29.921775,N/A,2,1,2000,virtual,Alexandria Coastal
V_Alexandria_Coastal_125,30.156891,29.902676,N/A,2,1,2001,virtual,Alexandria Coastal
V_Alexandria_Coastal_126,30.164236,29.883752,N/A,2,1,2002,virtual,Alexandria Coastal
V_Alexandria_Coastal_127,30.144363,29.898201,N/A,2,1,2003,virtual,Alexandria Coastal
V_Alexandria_Coastal_128,30.126378,29.898002,N/A,2,1,2004,virtual,Alexandria Coastal
V_Alexandria_Coastal_129,30.108392,29.897787,N/A,2,1,2005,virtual,Alexandria Coastal
V_Alexandria_Coastal_130,30.090906,29.899878,N/A,2,1,2006,virtual,Alexandria Coastal
V_Alexandria_Coastal_131,30.076161,29.899232,N/A,2,1,2007,virtual,Alexandria Coastal
V_Alexandria_Coastal_132,30.059219,29.901591,N/A,2,1,2008,virtual,Alexandria Coastal
V_Alexandria_Coastal_133,30.042862,29.909651,N/A,2,1,2009,virtual,Alexandria Coastal
V_Alexandria_Coastal_134,30.027554,29.92037,N/A,2,1,2010,virtual,Alexandria Coastal
V_Alexandria_Coastal_135,30.010668,29.925746,N/A,2,1,2011,virtual,Alexandria Coastal
V_Alexandria_Coastal_136,29.996155,29.938015,N/A,2,1,2012,virtual,Alexandria Coastal
V_Alexandria_Coastal_137,29.984369,29.953249,N/A,2,1,2013,virtual,Alexandria Coastal
V_Alexandria_Coastal_138,29.96822,29.962314,N/A,2,1,2014,virtual,Alexandria Coastal
V_Alexandria_Coastal_139,29.955297,29.97675,N/A,2,1,2015,virtual,Alexandria Coastal
V_Alexandria_Coastal_140,29.943746,29.992284,N/A,2,1,2016,virtual,Alexandria Coastal
V_Alexandria_Coastal_141,29.933094,30.009007,N/A,2,1,2017,virtual,Alexandria Coastal
V_Alexandria_Coastal_142,29.923305,30.026334,N/A,2,1,2018,virtual,Alexandria Coastal
V_Alexandria_Coastal_143,29.921389,30.045985,N/A,2,1,2019,virtual,Alexandria Coastal
V_Alexandria_Coastal_144,29.922014,30.066248,N/A,2,1,2020,virtual,Alexandria Coastal
V_Alexandria_Coastal_145,29.911818,30.08331,N/A,2,1,2021,virtual,Alexandria Coastal
V_Alexandria_Coastal_146,29.902381,30.100928,N/A,2,1,2022,virtual,Alexandria Coastal
V_Alexandria_Coastal_147,29.892542,30.118199,N/A,2,1,2023,virtual,Alexandria Coastal
V_Alexandria_Coastal_148,29.88182,30.134132,N/A,2,1,2024,virtual,Alexandria Coastal
V_Alexandria_Coastal_149,29.871996,30.151439,N/A,2,1,2025,virtual,Alexandria Coastal
V_Alexandria_Coastal_150,29.859596,30.1659,N/A,2,1,2026,virtual,Alexandria Coastal
V_Alexandria_Coastal_151,29.849524,30.182461,N/A,2,1,2027,virtual,Alexandria Coastal
V_Alexandria_Coastal_152,29.835734,30.195158,N/A,2,1,2028,virtual,Alexandria Coastal
V_Alexandria_Coastal_153,29.825241,30.210807,N/A,2,1,2029,virtual,Alexandria Coastal
V_Alexandria_Coastal_154,29.812293,30.22468,N/A,2,1,2030,virtual,Alexandria Coastal
V_Alexandria_Coastal_155,29.799343,30.238448,N/A,2,1,2031,virtual,Alexandria Coastal
V_Alexandria_Coastal_156,29.783849,30.248579,N/A,2,1,2032,virtual,Alexandria Coastal
V_Alexandria_Coastal_157,29.768744,30.259743,N/A,2,1,2033,virtual,Alexandria Coastal
V_Alexandria_Coastal_158,29.754142,30.271801,N/A,2,1,2034,virtual,Alexandria Coastal
V_Alexandria_Coastal_159,29.741302,30.286118,N/A,2,1,2035,virtual,Alexandria Coastal
V_Alexandria_Coastal_160,29.729375,30.301583,N/A,2,1,2036,virtual,Alexandria Coastal
V_Alexandria_Coastal_161,29.718926,30.318414,N/A,2,1,2037,virtual,Alexandria Coastal
V_Alexandria_Coastal_162,29.71108,30.336722,N/A,2,1,2038,virtual,Alexandria Coastal
V_Alexandria_Coastal_163,29.697768,30.346951,N/A,2,1,2039,virtual,Alexandria Coastal
V_Alexandria_Coastal_164,29.689456,30.328879,N/A,2,1,2040,virtual,Alexandria Coastal
V_Alexandria_Coastal_165,29.676236,30.314867,N/A,2,1,2041,virtual,Alexandria Coastal
V_Alexandria_Coastal_166,29.670955,30.295147,N/A,2,1,2042,virtual,Alexandria Coastal
V_Alexandria_Coastal_167,29.66619,30.275187,N/A,2,1,2043,virtual,Alexandria Coastal
V_Alexandria_Coastal_168,29.661426,30.255226,N/A,2,1,2044,virtual,Alexandria Coastal
V_Alexandria_Coastal_169,29.648067,30.242195,N/A,2,1,2045,virtual,Alexandria Coastal
V_Alexandria_Coastal_170,29.634547,30.228892,N/A,2,1,2046,virtual,Alexandria Coastal
V_Alexandria_Coastal_171,29.622527,30.2136,N/A,2,1,2047,virtual,Alexandria Coastal
V_Alexandria_Coastal_172,29.607675,30.201931,N/A,2,1,2048,virtual,Alexandria Coastal
V_Alexandria_Coastal_173,29.592969,30.190048,N/A,2,1,2049,virtual,Alexandria Coastal
V_Alexandria_Coastal_174,29.588407,30.1703,N/A,2,1,2050,virtual,Alexandria Coastal
V_Alexandria_Coastal_175,29.577842,30.153591,N/A,2,1,2051,virtual,Alexandria Coastal
V_Alexandria_Coastal_176,29.567174,30.136947,N/A,2,1,2052,virtual,Alexandria Coastal
V_Alexandria_Coastal_177,29.55943,30.118285,N/A,2,1,2053,virtual,Alexandria Coastal
V_Alexandria_Coastal_178,29.551464,30.099754,N/A,2,1,2054,virtual,Alexandria Coastal
V_Alexandria_Coastal_179,29.544559,30.080687,N/A,2,1,2055,virtual,Alexandria Coastal
V_Alexandria_Coastal_180,29.538577,30.061191,N/A,2,1,2056,virtual,Alexandria Coastal
V_Alexandria_Coastal_181,29.528709,30.044011,N/A,2,1,2057,virtual,Alexandria Coastal
V_Alexandria_Coastal_182,29.551521,30.027147,N/A,2,1,2058,virtual,Alexandria Coastal
V_Alexandria_Coastal_183,29.568485,30.020279,N/A,2,1,2059,virtual,Alexandria Coastal
V_Alexandria_Coastal_184,29.585356,30.013111,N/A,2,1,2060,virtual,Alexandria Coastal
V_Alexandria_Coastal_185,29.60225,30.006015,N/A,2,1,2061,virtual,Alexandria Coastal
V_Alexandria_Coastal_186,29.617507,29.997683,N/A,2,1,2062,virtual,Alexandria Coastal
V_Alexandria_Coastal_187,29.621438,29.977863,N/A,2,1,2063,virtual,Alexandria Coastal
V_Alexandria_Coastal_188,29.633253,29.964175,N/A,2,1,2064,virtual,Alexandria Coastal
V_Alexandria_Coastal_189,29.649667,29.955816,N/A,2,1,2065,virtual,Alexandria Coastal
V_Alexandria_Coastal_190,29.665933,29.948311,N/A,2,1,2066,virtual,Alexandria Coastal
V_Alexandria_Coastal_191,29.68119,29.938279,N/A,2,1,2067,virtual,Alexandria Coastal
V_Alexandria_Coastal_192,29.698388,29.933488,N/A,2,1,2068,virtual,Alexandria Coastal
V_Alexandria_Coastal_193,29.712249,29.920809,N/A,2,1,2069,virtual,Alexandria Coastal
V_Alexandria_Coastal_194,29.730004,29.918853,N/A,2,1,2070,virtual,Alexandria Coastal
V_Alexandria_Coastal_195,29.747973,29.918222,N/A,2,1,2071,virtual,Alexandria Coastal
V_Alexandria_Coastal_196,29.765934,29.917246,N/A,2,1,2072,virtual,Alexandria Coastal
V_Alexandria_Coastal_197,29.777138,29.930908,N/A,2,1,2073,virtual,Alexandria Coastal
V_Alexandria_Coastal_198,29.783831,29.948828,N/A,2,1,2074,virtual,Alexandria Coastal
V_Alexandria_Coastal_199,29.784017,29.969549,N/A,2,1,2075,virtual,Alexandria Coastal
